time,left_heel,left_toe,right_heel,right_toe
0.0,33.65244886525918,-6.505223504169686,34.668902131074596,-8.764573762587219
0.008338029371584699,32.78209919061077,-8.312291943778712,36.07592886461905,-10.392118972384246
0.016676058743169398,31.80413802300416,-10.112473107110985,37.23061996434021,-12.047478728782476
0.0250140881147541,30.73659961133086,-11.823150783122651,38.0022744220295,-13.675786278620615
0.033352117486338796,29.590671884429092,-13.387847263001015,38.29449949025516,-15.229614643223028
0.041690146857923494,28.373768092384015,-14.776913364235625,38.049548963821046,-16.671930796137193
0.0500281762295082,27.095478103197244,-15.981096290603265,37.24697230042157,-17.976982268610904
0.058366205601092895,25.77225397708786,-17.003280002168804,35.900028236127326,-19.13129541717727
0.06670423497267759,24.42831468938735,-17.852331157969825,34.05092439401689,-20.135399095877258
0.0750422643442623,23.093231448732354,-18.54028072561076,31.76713379236142,-21.003997860129573
0.08338029371584699,21.79829940307807,-19.082071017483806,29.14149430462738,-21.76218873769595
0.09171832308743169,20.573489686061937,-19.496593835440734,26.29513957295819,-22.43837144985813
0.1000563524590164,19.445471301368602,-19.808123505416958,23.377523305846545,-23.057854008456108
0.10839438183060109,18.436141366268078,-20.047120765204195,20.557452574892466,-23.641035058893497
0.11673241120218579,17.560959575823176,-20.24931548553357,18.004643371202633,-24.206101143545762
0.12507044057377048,16.827061066290764,-20.453127583234444,15.868315305081811,-24.772544920486514
0.13340846994535518,16.232235335699478,-20.696378603861252,14.26091199061831,-25.361739049734105
0.1417464993169399,15.765994994862572,-21.012855696904815,13.249331498361219,-25.993958519994887
0.1500845286885246,15.412160034746986,-21.42905894689371,12.850166976342067,-26.68484385324128
0.15842255806010927,15.151045716743925,-21.961549688559415,13.026452976375113,-27.444320299751308
0.16676058743169397,14.960545360139959,-22.614812748782885,13.688259421563528,-28.277248597614232
0.17509861680327868,14.8169675825168,-23.379575961123727,14.701269714897988,-29.183000724414836
0.18343664617486338,14.696149927374243,-24.23259915371734,15.904895964823691,-30.153365487495492
0.1917746755464481,14.574250194062538,-25.138991082429403,17.136792216327407,-31.170626016481844
0.2001127049180328,14.427615127262268,-26.056729331084707,18.256745096375052,-32.207206305515605
0.20845073428961747,14.232282743045278,-26.942258919688168,19.163623548205404,-33.22681950509453
0.21678876366120217,13.964712803445293,-27.756270899738418,19.80398296883169,-34.18663025268491
0.22512679303278688,13.605177360330599,-28.468737238732814,20.173552957977382,-35.040452471083924
0.23346482240437158,13.14353942575155,-29.061836124083918,20.311056718293596,-35.74368059382976
0.24180285177595628,12.58466866205612,-29.529903316915142,20.283730223633455,-36.26041547827351
0.25014088114754096,11.94963891042272,-29.877175560428498,20.167854628924843,-36.57158013092862
0.2584789105191257,11.270927155441354,-30.114842262763116,20.030453610312986,-36.681129332507126
0.26681693989071037,10.583715460270927,-30.258257041867576,19.916937818852535,-36.6177475943405
0.27515496926229505,9.917366473982726,-30.324757522576412,19.845918590834202,-36.431665589889484
0.2834929986338798,9.28992528076899,-30.33250505759625,19.809966384510307,-36.18810265069439
0.29183102800546445,8.706382307561471,-30.30024118229228,19.781039622761732,-35.95902175421743
0.3001690573770492,8.16018054457309,-30.247482315309014,19.71966278332104,-35.81438780444059
0.30850708674863386,7.636880180690944,-30.194898750998775,19.58588071594491,-35.81377577119037
0.31684511612021854,7.118665924440357,-30.16486644916468,19.348998434351824,-35.999108224709055
0.32518314549180327,6.5883603817327625,-30.18217110911921,18.993714203762433,-36.38967444205935
0.33352117486338795,6.031737620145696,-30.274653922235427,18.521661094622615,-36.98063895251027
0.3418592042349727,5.4376709229382305,-30.4730369947898,17.948730177442197,-37.745148077578065
0.35019723360655736,4.7970857117499275,-30.80871514981568,17.29994547715152,-38.638525047504864
0.35853526297814203,4.10251221228663,-31.30920643068094,16.604329460308264,-39.60246250479174
0.36687329234972677,3.3492621520041306,-31.992797830070554,15.891343431339596,-40.568201010791896
0.37521132172131144,2.5379111373623213,-32.864470997847675,15.189233566693826,-41.45907461210029
0.3835493510928962,1.6768779144147157,-33.914093467158196,14.52529424413848,-42.19311724135689
0.39188738046448085,0.7834272086655747,-35.11688606958187,13.928083521760712,-42.68626770965255
0.4002254098360656,-0.11802117316692401,-36.43578156007488,13.430812931191031,-42.857131548710086
0.40856343920765026,-0.9997368342603566,-37.82484306326954,13.073831438788439,-42.63440102733067
0.41690146857923494,-1.835104565777171,-39.232727535633074,12.903886045460895,-41.96649867265372
0.42523949795081967,-2.6024650971706778,-40.60553681514938,12.969207335137169,-40.83110662670117
0.43357752732240434,-3.2879952881257246,-41.88923533843034,13.311191400761984,-39.242279604749044
0.4419155566939891,-3.8873851389275513,-43.03273895616052,13.95476738096231,-37.253489053209364
0.45025358606557375,-4.40549717412256,-43.99224687025966,14.900632838513761,-34.95424965008677
0.45859161543715843,-4.853442759602333,-44.73572949744112,16.121982497133214,-32.458561168690224
0.46692964480874316,-5.244549296410527,-45.246288024789216,17.565341564103843,-29.887257062952326
0.47526767418032784,-5.591898973199212,-45.52400462206853,19.15342379307432,-27.349538802890063
0.48360570355191257,-5.908051093641741,-45.58592121138337,20.79026306260579,-24.928287874779755
0.49194373292349725,-6.204848232324522,-45.46395615052125,22.37101422501667,-22.671670588403916
0.5002817622950819,-6.491427903904886,-45.20185697667071,23.796865701371814,-20.592246464396165
0.5086197916666666,-6.770683338840742,-44.85260411688122,24.9918469728787,-18.673177058804555
0.5169578210382514,-7.035723515139699,-44.47610494886988,25.91635047843089,-16.879304410672706
0.5252958504098361,-7.268369030981309,-44.13587837957716,26.57272098966843,-15.17024393061384
0.5336338797814207,-7.441844523561136,-43.89438153903052,27.000963175911643,-13.513132014803164
0.5419719091530054,-7.528216514892375,-43.80822706195545,27.26623100854168,-11.893120370296586
0.5503099385245901,-7.508251580892302,-43.924050261800126,27.44260875756665,-10.31887602178403
0.5586479678961749,-7.3804484373934764,-44.273670720899254,27.598315650555215,-8.819702628439895
0.5669859972677596,-7.167173778595027,-44.867731919662575,27.785527233015976,-7.434250845710434
0.5753240266393442,-6.916191256770953,-45.690702754623544,28.03559683252962,-6.196172387698838
0.5836620560109289,-6.695998899192498,-46.70125985631199,28.359345383207422,-5.1228306138728525
0.5920000853825136,-6.585291005618423,-47.83818918363896,28.751512315400944,-4.209144688527752
0.6003381147540984,-6.658641524231089,-49.02844376019239,29.197973117794547,-3.425809606978939
0.608676144125683,-6.97146069607412,-50.19493366434002,29.68421594586715,-2.7215681796262783
0.6170141734972677,-7.549424723292486,-51.26382091177927,30.20330247823695,-2.029492524601318
0.6253522028688524,-8.388051823136458,-52.171100008422854,30.76101307078315,-1.2758504672837827
0.6336902322404371,-9.46222622923724,-52.8670731018162,31.37605516622141,-0.389442548238583
0.6420282616120219,-10.737144234285884,-53.317253448314744,32.07512534635101,0.6897284848995535
0.6503662909836065,-12.171360125816172,-53.50005180499011,32.88546599523759,2.002541049206033
0.6587043203551912,-13.711737969050674,-53.40380318680674,33.82821800225163,3.5636140959685765
0.6670423497267759,-15.288866278157888,-53.02593903118962,34.91353262781964,5.355867814958499
0.6753803790983606,-16.820802100380988,-52.3750113088101,36.136859458901,7.329140112967942
0.6837184084699454,-18.22630844912506,-51.47396106645068,37.47721011973724,9.405590999477175
0.69205643784153,-19.44275716049398,-50.362638707986,38.89920418451032,11.492219797856055
0.7003944672131147,-20.440351130184254,-49.09852925590976,40.35835180126568,13.496721817470652
0.7087324965846994,-21.225031785627408,-47.75537958320889,41.806233026218095,15.340863663944468
0.7170705259562841,-21.82928926122888,-46.419578962250746,43.19368778000993,16.968135939339444
0.7254085553278689,-22.29804351363318,-45.18389080104015,44.47392023491089,18.34698309647107
0.7337465846994535,-22.677274671331602,-44.13848544966696,45.607366043187284,19.47159888443448
0.7420846140710382,-23.007003183897087,-43.3602375972296,46.56677267160853,20.35939806738876
0.7504226434426229,-23.316333532777165,-42.9020838661804,47.339916995530224,21.043899682192475
0.7587606728142076,-23.618821681654524,-42.785586981090546,47.9292332208796,21.564675659643665
0.7670987021857923,-23.907947469433967,-43.00074795731896,48.34918951147252,21.957604593494345
0.775436731557377,-24.155125371204385,-43.51479034480079,48.62269133415685,22.247532008484686
0.7837747609289617,-24.314784688180442,-44.286582147721475,48.777419522757164,22.444222280105034
0.7921127903005464,-24.33717093035533,-45.27950139827026,48.842410999875334,22.5426036124521
0.8004508196721312,-24.18300631147193,-46.467279902972074,48.8449574843923,22.527825231894028
0.8087888490437158,-23.834246065710506,-47.8336930531852,48.807571341366526,22.383249354808754
0.8171268784153005,-23.300660524394406,-49.37050762164625,48.74456130471153,22.097814188891643
0.8254649077868852,-22.624375780385883,-51.07581763530239,48.658592277634625,21.670529906315558
0.8338029371584699,-21.881965167955922,-52.95175335222281,48.53873250921341,21.1121717112322
0.8421409665300547,-21.18072908697067,-54.999810612824035,48.36168747199366,20.44512062122563
0.8504789959016393,-20.646237692646462,-57.21300699201094,48.09707283636935,19.70228083473455
0.858817025273224,-20.40217420704958,-59.56680662762123,47.71582695255339,18.92567283278872
0.8671550546448087,-20.547877972133044,-62.01380503979746,47.19896816880902,18.164165813538933
0.8754930840163934,-21.14032010829694,-64.48639416601868,46.543499264090705,17.468735424336415
0.8838311133879782,-22.18463204836605,-66.90644279491869,45.76386584240691,16.88478480655105
0.8921691427595628,-23.633182188807826,-69.19641280435587,44.88946552542978,16.44407267398179
0.9005071721311475,-25.391569113575816,-71.28717259818517,43.95935404755992,16.15973012586138
0.9088452015027322,-27.331410026011188,-73.12273152123261,43.01461853253415,16.02509923598464
0.9171832308743169,-29.310442165997323,-74.66475842658707,42.089184491294574,16.014698251463404
0.9255212602459016,-31.197247294664315,-75.89721364754874,41.201856405975384,16.086624533483842
0.9338592896174863,-32.89323442635099,-76.82806965209691,40.3533868565975,16.187487071092697
0.942197318989071,-34.34372336853293,-77.48533074730679,39.530128626071765,16.260254780157936
0.9505353483606557,-35.53531418501036,-77.90793860208618,38.71212351063352,16.25342337526912
0.9588733777322404,-36.48413602183541,-78.13541803042821,37.88152944232265,16.12929707841985
0.9672114071038251,-37.22269685474158,-78.19999632919748,37.02820499367179,15.869602876210228
0.9755494364754098,-37.79005432407361,-78.12161307832754,36.15148751065228,15.476788594528585
0.9838874658469945,-38.224922874873776,-77.903826172341,35.25872987184225,14.970102993482774
0.9922254952185792,-38.55919423518339,-77.52984667073979,34.36168964657613,14.377468660412914
1.0005635245901638,-38.81103665328685,-76.96104102911121,33.47194763300473,13.725823010873512
1.0089015539617485,-38.97942026756975,-76.14151087564227,32.596754022488206,13.032949280554348
1.0172395833333332,-39.04317660507632,-75.01021877132028,31.73684567471451,12.302614157627973
1.0255776127049179,-38.96647109134376,-73.51806009827223,30.886674363614805,11.523208970988263
1.0339156420765028,-38.709130266846586,-71.64379167382307,30.03602906073029,10.669962777794527
1.0422536714480874,-38.23714670053456,-69.40220068579384,29.172240341260547,9.710844264057183
1.0505917008196721,-37.52874708043287,-66.84154781903479,28.28305909584457,8.61467490053974
1.0589297301912568,-36.57457699833067,-64.03293534023321,27.360348445880422,7.359170705400555
1.0672677595628415,-35.37356496162855,-61.057434926133034,26.404370058312225,5.9377203251940625
1.0756057889344262,-33.92699442299021,-57.99601869259768,25.427587863962327,4.363917048635733
1.0839438183060108,-32.23374391245617,-54.9244513428552,24.455472467146983,2.6719604865308177
1.0922818476775955,-30.28947171222942,-51.91188006711804,23.522132300581543,0.9115638984466149
1.1006198770491802,-28.090056984391698,-49.01918144905376,22.66171857599454,-0.8615522682360495
1.108957906420765,-25.637116639811474,-46.2935424634982,21.89908566039831,-2.596105082425604
1.1172959357923498,-22.944131851102593,-43.75983287203791,21.242965163987588,-4.252767329861736
1.1256339651639344,-20.042815104893585,-41.41317144054803,20.683813355098845,-5.8064671860833545
1.1339719945355191,-16.986506200680655,-39.21639932042387,20.19724889921945,-7.243681595255196
1.1423100239071038,-13.844823189025156,-37.10257827350919,19.751589393968835,-8.557413077880502
1.1506480532786885,-10.688447701949444,-34.981020888248054,19.31589154816847,-9.743302570837532
1.1589860826502731,-7.57107227528597,-32.7466379070387,18.86520372220529,-10.798892274430827
1.1673241120218578,-4.51790586384631,-30.293582108907867,18.38173992333291,-11.726027062218533
1.1756621413934425,-1.5253448262738376,-27.533038261671884,17.85266854071625,-12.534869370406286
1.1840001707650272,1.429863566404727,-24.41218183714844,17.266159069626045,-13.247424617697162
1.192338200136612,4.376870495697255,-20.928974904757037,16.606979983217396,-13.898904972839782
1.2006762295081967,7.337139695486993,-17.137114196367456,15.852442474416593,-14.536015913101954
1.2090142588797814,10.314665873567982,-13.13770595456295,14.969880283713483,-15.212209716450095
1.217352288251366,13.293358658803085,-9.058642767853234,13.917334622914806,-15.980887562493244
1.2256903176229508,16.2442656129731,-5.027158850758888,12.648680286309553,-16.88755157760694
1.2340283469945355,19.141692858084888,-1.1435203745536349,11.122970193596487,-17.96175481685223
1.2423663763661201,21.981676781805348,2.536570766015585,9.315653723661963,-19.21067932159526
1.2507044057377048,24.793727577671618,6.006813358721184,7.228020845218564,-20.617027532236065
1.2590424351092895,27.640076441229105,9.304430081222897,4.892102621519176,-22.142630150964546
1.2673804644808742,30.602898533380362,12.500393745023414,2.3701822747076187,-23.73634992846137
1.275718493852459,33.76506785641758,15.690779903187998,-0.25080417056467363,-25.34299475079235
1.2840565232240437,37.191943305550296,18.98741145722733,-2.8691141087467846,-26.910630020866655
1.2923945525956284,40.920031200671026,22.503060380481053,-5.3803271801972095,-28.395666970937416
1.300732581967213,44.95418210730605,26.331340039585797,-7.688575190294313,-29.765848272557456
1.3090706113387978,49.27074657298053,30.526978362220735,-9.714156608372402,-31.00080862568108
1.3174086407103824,53.8225656723471,35.09252952580372,-11.397426635549731,-32.08990298278228
1.3257466700819671,58.54356089418163,39.97499042317239,-12.701016767632655,-33.02770311175175
1.3340846994535518,63.35309992190291,45.072346797825034,-13.61229669987442,-33.80928313033115
1.3424227288251365,68.16032964459538,50.24575400041464,-14.146520673306707,-34.429253213680994
1.3507607581967211,72.86757949307898,55.33176461731229,-14.3494643577111,-34.887032006836684
1.359098787568306,77.37188786029404,60.153137567090745,-14.297668360476395,-35.19614615069163
1.3674368169398907,81.56443565820247,64.53053250487979,-14.095290749583071,-35.392379084759405
1.3757748463114754,85.32904701530077,68.29623564145595,-13.86740416874159,-35.53734142841879
1.38411287568306,88.54314201502002,71.30826595205069,-13.748998805731445,-35.71753724861577
1.3924509050546447,91.0855065737174,73.46242864727212,-13.868896100787685,-36.03910439740913
1.4007889344262294,92.85245442494057,74.70077198043367,-14.33061237140858,-36.61623980720034
1.409126963797814,93.77866583178191,75.01643084350472,-15.195645501811917,-37.55316310018957
1.4174649931693988,93.85532321551837,74.45614833917271,-16.47427248761855,-38.92464015923518
1.4258030225409835,93.13849666158372,73.12086207128415,-18.12583898206108,-40.76198940792652
1.4341410519125681,91.74406328903673,71.16099642293314,-20.068706183680334,-43.04907196947194
1.442479081284153,89.82987481198572,68.76116059780705,-22.198418851446167,-45.728794518262866
1.4508171106557377,87.57016398480836,66.11389667260235,-24.409155798675876,-48.716651021701374
1.4591551400273224,85.12930126678954,63.38994516793201,-26.611763961132038,-51.91623265058601
1.467493169398907,82.64061083492558,60.714860571855226,-28.744644494462722,-55.23351960718891
1.4758311987704917,80.1929837977669,58.15778795136812,-30.777659438161447,-58.58915130030676
1.4841692281420764,77.82597898375822,55.73258279780774,-32.710357641214785,-61.928003130417274
1.492507257513661,75.53310312123344,53.40789766789197,-34.565695052667195,-65.2238731757186
1.5008452868852458,73.27218986537422,51.122238402590575,-36.380977518481785,-68.47647723486841
1.5091833162568304,70.98088276467406,48.800809756140424,-38.19829912681079,-71.69992895981161
1.5175213456284151,68.59446372519778,46.37211824830761,-40.05634871293629,-74.90548922365572
1.525859375,66.06317810219562,43.78380672409517,-41.983948637632295,-78.08395279238634
1.5341974043715847,63.366542022823445,41.017438351668574,-43.99380383218796,-81.19281592083628
1.5425354337431694,60.52212843174795,38.09949022187963,-46.07506749939526,-84.15181138825434
1.550873463114754,57.586350048044174,35.10344031867658,-48.18642595776376,-86.84977641382156
1.5592114924863387,54.6461682334868,32.13939991082525,-50.253862752215724,-89.16423669829193
1.5675495218579234,51.803507874702284,29.332798041593737,-52.175869446941284,-90.98966285227816
1.575887551229508,49.15655555269286,26.798472863854844,-53.83558502223011,-92.26410032313856
1.5842255806010928,46.782786773848535,24.618367594796574,-55.11698506879546,-92.98279156485127
1.5925636099726774,44.727615049313094,22.82922673010825,-55.92119746450476,-93.19317939656585
1.6009016393442623,43.00013142493998,21.422034558357517,-56.179594028864635,-92.97474671862416
1.609239668715847,41.57465109418357,20.349958127810755,-55.86212133560143,-92.41354693506557
1.6175776980874317,40.39584469256831,19.539732098744942,-54.98054292516735,-91.58099328867148
1.6259157274590164,39.38612589446409,18.903228281523536,-53.58650812756368,-90.5214555599365
1.634253756830601,38.45458968418069,18.348133698721952,-51.764929783755505,-89.24899628964718
1.6425917862021857,37.5063455605295,17.787143105556506,-49.624374897387156,-87.75268716723018
1.6509298155737704,36.45078831529544,17.145056157801946,-47.286679117191674,-86.00983907489157
1.659267844945355,35.20810740579124,16.363818232182886,-44.876571854535904,-84.0043461057023
1.6676058743169397,33.71432570948447,15.405842790288414,-42.5102894458041,-81.7444419164609
1.6759439036885244,31.92510627549426,14.255065585738631,-40.28262619271988,-79.273524903238
1.6842819330601093,29.817845622565763,12.914623331805481,-38.254293323590026,-76.66964247710989
1.692619962431694,27.391643881467168,11.401284987525893,-36.443198565658285,-74.03194240820244
1.7009579918032787,24.665942868266487,9.73880859986337,-34.82265254477893,-71.45597417445546
1.7092960211748633,21.67963399012734,7.953164710383409,-33.32717640538775,-69.00491096083418
1.717634050546448,18.491495163277097,6.071018366722221,-31.86468336660781,-66.68733725519262
1.7259720799180327,15.180114311661077,4.120275642822936,-30.333084836715518,-64.45005296194854
1.7343101092896174,11.839976616947885,2.1303686265808786,-28.638599384867582,-62.18770552926075
1.742648138661202,8.572321384729625,0.13120803128573072,-26.71158779679831,-59.7645970204084
1.7509861680327867,5.473037869699681,-1.8481277767020121,-24.5145742390837,-57.0405024382305
1.7593241974043714,2.621711758035753,-3.7795133797909903,-22.038800274361304,-53.8925275387889
1.7676622267759563,0.07432795816548342,-5.63533884417169,-19.291518800731282,-50.228442659115544
1.776000256147541,-2.140825933967472,-7.389992634693299,-16.28217244749362,-45.99174873963592
1.7843382855191257,-4.025278613851469,-9.024891399445078,-13.015729902950955,-41.162604409092964
1.7926763148907103,-5.610121856150017,-10.535926885730897,-9.495426523402614,-35.75914582941138
1.801014344262295,-6.951799141487784,-11.93959799913916,-5.73012901124829,-29.839442980696102
1.8093523736338797,-8.122916222703982,-13.273538366290339,-1.7388510313666738,-23.4988821487207
1.8176904030054644,-9.199300912652522,-14.59010631778124,2.4520485632378537,-16.857662471845888
1.826028432377049,-10.24750241238827,-15.94638434869192,6.817980364140984,-10.039796153193391
1.8343664617486337,-11.317399963896731,-17.395508355265147,11.34664773232394,-3.1519986360617667
1.8427044911202184,-12.440996030680934,-18.981077544130674,16.044119267116677,3.728981880423789
1.8510425204918033,-13.634707185004622,-20.7328990495582,20.93223200726764,10.557842038742741
1.859380549863388,-14.902922980444831,-22.66317867489762,26.036442494251965,17.313113342506202
1.8677185792349726,-16.243024087948406,-24.765223654679055,31.367390703882602,23.983748161775758
1.8760566086065573,-17.651532194408276,-27.015867791935406,36.903305095355734,30.553564911247616
1.884394637978142,-19.12900331611443,-29.379613485088864,42.58085889763655,36.98766086291726
1.8927326673497267,-20.681700691826855,-31.813342742528462,48.29741648271278,43.22386025474423
1.9010706967213113,-22.319685712460625,-34.273274843996155,53.921787246491306,49.170938354320405
1.909408726092896,-24.051137416074486,-36.72400780144527,59.308802800186356,54.71558504986627
1.9177467554644807,-25.873329191994333,-39.14575561403859,64.31469946595297,59.73927352793814
1.9260847848360654,-27.76375694595692,-41.536427480022624,68.81161200545488,64.1414398359055
1.9344228142076503,-29.677169536767767,-43.90789728980453,72.70007567811534,67.8603218248598
1.942760843579235,-31.551815837213844,-46.27634210564264,75.91928796646346,70.88346853089458
1.9510988729508196,-33.32305473520024,-48.647192551107935,78.45418793356866,73.24588787791765
1.9594369023224043,-34.938980988585115,-50.99987314680761,80.33634110795371,75.0193856764782
1.967774931693989,-36.372596511431645,-53.28138756859768,81.63620301566553,76.29822359404355
1.9761129610655737,-37.627676096033795,-55.41411942463009,82.44819017422384,77.18464905895667
1.9844509904371583,-38.73856001907713,-57.3156444767676,82.8730097403663,77.77586448785196
1.992789019808743,-39.76532897790674,-58.92332667466973,83.00172424215184,78.15339619629472
2.0011270491803277,-40.78546518478842,-60.21506896685629,82.9044475715896,78.37601547461404
2.0094650785519126,-41.88298422297451,-61.22030697102428,82.62453240584932,78.47655647075152
2.017803107923497,-43.13683573303227,-62.02061731575858,82.17678606200757,78.46154800265775
2.026141137295082,-44.61101049654155,-62.74235852057142,81.54762155824176,78.31300798465182
2.0344791666666664,-46.347849915449366,-63.5430777408604,80.69784244803702,77.99368168149981
2.0428171960382513,-48.36438138627245,-64.59264537778517,79.57100565638184,77.45647766652762
2.0511552254098357,-50.65104453583898,-66.05196326147195,78.10757527741873,76.65555774180949
2.0594932547814206,-53.172509265049875,-68.05351784150216,76.26105345479276,75.55572145917016
2.0678312841530055,-55.870290304193915,-70.68581818228087,74.0120673639288,74.139618208658
2.07616931352459,-58.66706056248496,-73.98127101758728,71.37804880776979,72.41354400537091
2.084507342896175,-61.47282384967547,-77.90771002147551,68.41666830134372,70.41027591766063
2.0928453722677594,-64.19263251968358,-82.3652988575713,65.22191495706396,68.18589436829845
2.1011834016393443,-66.73490207371424,-87.19077017374465,61.91354307766383,65.80942129305481
2.1095214310109287,-69.01923030707236,-92.17037391453815,58.62174947262273,63.34747084672
2.1178594603825136,-70.98259773656179,-97.06049894573016,55.469109511960674,60.84867144287582
2.126197489754098,-72.58247195499291,-101.61123277440386,52.552663082739606,58.33342715051454
2.134535519125683,-73.79556999696038,-105.58744911312407,49.92993271906416,55.79288403744269
2.142873548497268,-74.61327725507479,-108.78494561206136,47.61148668388881,53.19701245507408
2.1512115778688523,-75.03726124977429,-111.0415726118094,45.56040155301397,50.508020148225306
2.159549607240437,-75.07791611000889,-112.24387991091068,43.697944127720234,47.694395847213684
2.1678876366120217,-74.75461884176345,-112.32975991963777,41.915006224187174,44.742645415706455
2.1762256659836066,-74.09537890651919,-111.2879462908158,40.08887203145039,41.66549371857593
2.184563695355191,-73.13551100721888,-109.15677501691948,38.10379401253893,38.50459523268068
2.192901724726776,-71.91618491810654,-106.02495018878847,35.87197140468703,35.32471713530286
2.2012397540983604,-70.48259202526528,-102.0338043806854,33.350193357028004,32.19894731491375
2.2095777834699453,-68.88094555498861,-97.37669403001816,30.54734069256387,29.189249518303004
2.21791581284153,-67.15420565180251,-92.29017588672802,27.519434036895664,26.32858108733595
2.2262538422131146,-65.33670487195403,-87.03344259849759,24.352487982112805,23.609169705626055
2.2345918715846995,-63.4479661466014,-81.8569926135596,21.13855818379781,20.97948363631273
2.242929900956284,-61.486774906874366,-76.96748979235305,17.954093566783097,18.35112421105064
2.251267930327869,-59.42789503589382,-72.49902509018199,14.847778597745307,15.615074295518127
2.2596059596994533,-57.22429079482202,-68.49885681842805,11.838019752754212,12.66401419096984
2.2679439890710382,-54.815527820304425,-64.92976023331525,8.915552930611659,9.415802156310713
2.2762820184426227,-52.139321349882955,-61.684744443903185,6.0486698439688675,5.834178959385498
2.2846200478142076,-49.141504303005384,-58.60671727828239,3.192588175199532,1.9444073683301901
2.292958077185792,-45.781428999927186,-55.50759067592981,0.30465281928684435,-2.1585224343464695
2.301296106557377,-42.03252705692182,-52.18578449639473,-2.636637843561902,-6.3127607036794835
2.309634135928962,-37.878556430939945,-48.443385164249996,-5.614399736463347,-10.306905329296788
2.3179721653005463,-33.306357330743424,-44.1029737005707,-8.564314468697033,-13.911218764447314
2.326310194672131,-28.298232901171023,-39.022150754413396,-11.378185164042561,-16.9158554242782
2.3346482240437156,-22.828911051773247,-33.10343494654882,-13.921195256552481,-19.16520559451867
2.3429862534153005,-16.870039677117003,-26.298367650120344,-16.060156446501022,-20.57983869938591
2.351324282786885,-10.400891321761375,-18.60687492815582,-17.695863208700718,-21.16413565823821
2.35966231215847,-3.4205822322578543,-10.075063364403254,-18.790169209602425,-21.002719324343126
2.3680003415300543,4.04372757617674,-0.7936879052797146,-19.38052330998935,-20.24951782962182
2.3763383709016392,11.935658246024008,9.104863073087975,-19.579697116399124,-19.11139403494025
2.384676400273224,20.174507293989105,19.456026212796388,-19.561615529232558,-17.82639959317763
2.3930144296448086,28.663710505350288,30.080762595721,-19.535018725343775,-16.636972031165858
2.4013524590163935,37.301087678665056,40.80694860789198,-19.708510661550044,-15.761349462601432
2.409690488387978,45.989053907289886,51.487058011819435,-20.25447681586487,-15.369258116978248
2.418028517759563,54.641894613463684,62.007254435962516,-21.281629431602017,-15.56726708121924
2.4263665471311473,63.18695989170061,72.28645750436161,-22.823349362809523,-16.3961639282444
2.434704576502732,71.55860946061667,82.26560813758552,-24.843721855382558,-17.839696427608146
2.4430426058743167,79.68795888251798,91.88998572852343,-27.258471140656162,-19.84084450304893
2.4513806352459016,87.49481339804346,101.09186651985101,-29.963743084602125,-22.31928244746647
2.459718664617486,94.88660373514584,109.78200272107205,-32.86279896117857,-25.18529204149647
2.468056693989071,101.7634223639632,117.8531532131546,-35.88306645908987,-28.349895013798193
2.476394723360656,108.02406633987465,125.19208676873697,-38.98260373805341,-31.732394384381962
2.4847327527322403,113.56942430966893,131.6941832538067,-42.14927661314047,-35.26482125554104
2.493070782103825,118.3042221608784,137.2759711071223,-45.39556513364967,-38.89284957666274
2.5014088114754096,122.14071997512823,141.88230868356044,-48.750129232882784,-42.57429162040139
2.5097468408469945,125.0067007080337,145.48688326177376,-52.246382570072164,-46.276677847148704
2.518084870218579,126.85723875664503,148.08772747486103,-55.908835246450465,-49.97534985017623
2.526422899590164,127.68740778548784,149.7015686922839,-59.74004314325623,-53.65357843212614
2.5347609289617483,127.5419571448772,150.36052751268107,-63.713109868066915,-57.30513930518885
2.543098958333333,126.51842396653234,150.1121891399641,-67.77358256855652,-60.93760898287043
2.551436987704918,124.76162807239542,149.02138215598654,-71.84970911234268,-64.57348896374154
2.5597750170765026,122.44875441671608,147.17135715326077,-75.8655216396403,-68.24708052298597
2.5681130464480875,119.76568058614515,144.66294701024077,-79.75081978620041,-71.99695054980063
2.576451075819672,116.87832026267266,141.61101063734694,-83.44501709030408,-75.85595626381054
2.584789105191257,113.90654932722002,138.13806606226862,-86.89534074991157,-79.84220708812896
2.5931271345628413,110.90919978779532,134.3656780212608,-90.05268379964056,-83.95419978092062
2.601465163934426,107.88467131696025,130.40446285794243,-92.86964484842004,-88.17181023811081
2.6098031933060106,104.78538013397383,126.3439883589203,-95.30420444343216,-92.46236358465495
2.6181412226775955,101.54003827466296,122.24476947036203,-97.32919704043871,-96.78849280301158
2.62647925204918,98.07756486017465,118.13518459225257,-98.943355477549,-101.1135768832161
2.634817281420765,94.34811174189876,114.01533693053511,-100.1770550985098,-105.40205879474573
2.6431553107923498,90.33737427355723,109.86734178707887,-101.08819274594022,-109.61491980602321
2.6514933401639342,86.07056927980562,105.66862317767969,-101.7494527569901,-113.70274878092899
2.659831369535519,81.60462170544596,101.4036829782621,-102.23158592217877,-117.59834184344909
2.6681693989071036,77.01133199280899,97.07053546415874,-102.58601245441116,-121.20912684899136
2.6765074282786885,72.3580900731823,92.67934455186595,-102.82794257034571,-124.40978753028303
2.684845457650273,67.6933100667087,88.243271498635,-102.92154417245037,-127.03657139133121
2.693183487021858,63.04057962096011,83.7653845216327,-102.77066188422108,-128.8851107457806
2.7015215163934423,58.400888356016004,79.2278755519258,-102.21944788802884,-129.71402631134453
2.709859545765027,53.75905686849252,74.58832889783413,-101.06518470232768,-129.25739303138178
2.718197575136612,49.08985799125627,69.78406725639772,-99.0821907199245,-127.24823060940663
2.7265356045081965,44.361282047799584,64.7429215275891,-96.05412649235969,-123.45208528810426
2.7348736338797814,39.53574472088576,59.397728906919724,-91.81200553273825,-117.70736525000468
2.743211663251366,34.57288966540892,53.70176700897147,-86.2742840571496,-109.96892241954592
2.751549692622951,29.438707547539803,47.64401545171323,-79.48348438491416,-100.3506710170831
2.7598877219945352,24.12404494448142,41.265867782673205,-71.63241428534558,-89.15960722445982
2.76822575136612,18.670621010313578,34.68049844127869,-63.07242377459338,-76.90937405804193
2.7765637807377046,13.19572888844801,28.09041937575162,-54.29555897521576,-64.2987930686673
2.7849018101092895,7.901595800982677,21.79147348423289,-45.880962896526555,-52.13980907078812
2.7932398394808744,3.0552742349837705,16.147313100776486,-38.397890930116965,-41.22561653078364
2.801577868852459,-1.0668457973248777,11.523848429765525,-32.27880588821166,-32.160264573035526
2.8099158982240438,-4.254795443029173,8.197823224496418,-27.71319433463298,-25.21924876974472
2.818253927595628,-6.425936293560247,6.279392045139421,-24.616379390947206,-20.313021591609107
2.826591956967213,-7.646787848758381,5.67538911207071,-22.674232605636078,-17.052019939715457
2.8349299863387976,-8.12033065238166,6.089205305440164,-21.421376300724685,-14.852090284184042
2.8432680157103825,-8.148747135087074,7.056121465713418,-20.32579199142009,-13.041793294107588
2.851606045081967,-8.075944360106176,8.019911072800467,-18.874845992195972,-10.96890108301915
2.859944074453552,-8.225066036655788,8.431332286148235,-16.64824089821164,-8.09381377115189
2.8682821038251363,-8.853276713036758,7.833914600150101,-13.35786327534086,-4.045921923693006
2.876620133196721,-10.133051443328743,5.92160009287707,-8.85247589680386,1.3650777626318689
2.884958162568306,-12.1529307690059,2.573479281258682,-3.1027063229953904,8.171677046602651
2.8932961919398905,-14.9259227792649,-2.1278323661318645,3.8169963454967104,16.28652587855185
2.9016342213114754,-18.398879778678495,-7.897789648274932,11.742942452023863,25.5395266702159
2.90997225068306,-22.461990543421937,-14.283190557122502,20.438155107531795,35.70605941610699
2.9183102800546448,-26.959631040775527,-20.73541305914249,29.618129499583276,46.52815534144485
2.926648309426229,-31.70520280391219,-26.713839173952955,38.987921427847745,57.733835889011466
2.934986338797814,-36.50307145003457,-31.787624362366067,48.28134976097499,69.05538583122681
2.9433243681693986,-41.176841749710086,-35.70158067438975,57.28850956898771,80.24255690367447
2.9516623975409835,-45.5968338731249,-38.39419333585254,65.86251366837242,91.0677268920975
2.9600004269125684,-49.69720132613926,-39.977877392987175,73.90572932303706,101.3250732954769
2.968338456284153,-53.4775136934661,-40.69762319448923,81.34327900333138,110.8285703794763
2.9766764856557377,-56.990523593892355,-40.88128301955663,88.09471152872233,119.41103449002667
2.985014515027322,-60.32184530685063,-40.89016558745272,94.05533098135103,126.9237212628126
2.993352544398907,-63.56804647860321,-41.074461405056866,99.09617610895897,133.2375369627799
3.0016905737704915,-66.81880728064661,-41.736242416544954,103.0831872200645,138.24847898048105
3.0100286031420764,-70.14613179625253,-43.10237202912333,105.90602482441736,141.88778587088916
3.018366632513661,-73.59986487688748,-45.30871044492981,107.5040666145096,144.13400528901062
3.026704661885246,-77.20664581829223,-48.39601299395255,107.88169963095964,145.02268088009902
3.0350426912568302,-80.96981237764867,-52.31723336511972,107.11083445464288,144.6499725638393
3.043380720628415,-84.86910746120279,-56.95472771575045,105.32208335327411,143.16814374580645
3.05171875,-88.8601075715684,-62.144284480126096,102.68766878630669,140.77277582608227
3.0600567793715845,-92.87403180160194,-67.70156574607051,99.40000135303418,137.68393136816783
3.0683948087431694,-96.81929388772915,-73.44558802055374,95.65015348804096,134.12529540440994
3.076732838114754,-100.58636186282759,-79.21434832548985,91.61002682790733,130.30536551460915
3.0850708674863387,-104.0562034808457,-84.87054267069601,87.42117950470497,126.4032613317084
3.093408896857923,-107.1109131097242,-90.29946325981112,83.19155123785579,122.55944953288748
3.101746926229508,-109.64489995765989,-95.40425053107057,78.99805496324743,118.87003709698197
3.1100849556010925,-111.57533185761918,-100.10313686276395,74.89005676461925,115.38363008801358
3.1184229849726774,-112.85023134253554,-104.32895856695215,70.88950403638579,112.10130523633768
3.1267610143442623,-113.45268704458071,-108.0274243760213,66.98830668862227,108.98124207194857
3.135099043715847,-113.40038883264056,-111.15136732678779,63.148415263987054,105.94928582946451
3.1434370730874317,-112.74008708151645,-113.65170558489932,59.31016443245744,102.91533687897218
3.151775102459016,-111.53684411818732,-115.46841651685403,55.4094431038257,99.79343181669242
3.160113131830601,-109.85976368674851,-116.52554613944723,51.398518625810986,96.52103434109684
3.1684511612021855,-107.76828268199556,-116.73327180441326,47.26367113301423,93.07171871955038
3.1767891905737704,-105.30263525591221,-115.9974207319573,43.034864250844734,89.45706817554255
3.185127219945355,-102.47938317826072,-114.23426741555683,38.784636764347574,85.7174907139276
3.1934652493169398,-99.29179555460121,-111.38764175978342,34.615242855571886,81.90505263768527
3.2018032786885247,-95.7153923863829,-107.44556805078729,30.63703609351326,78.06365742325826
3.210141308060109,-91.71824891449096,-102.45272405704587,26.944782183750764,74.2132437917748
3.218479337431694,-87.27300356175758,-96.51322575734189,23.5987784201969,70.34343596114927
3.2268173668032785,-82.36523896772201,-89.77887651334825,20.61512818758085,66.41777257273488
3.2351553961748634,-76.99397991395719,-82.4230495512362,17.96584974173702,62.38600954900942
3.243493425546448,-71.16513318522794,-74.60671164305175,15.586321683215013,58.20125974875451
3.2518314549180327,-64.88452316868758,-66.44613224443921,13.386668228424917,53.838262316547116
3.260169484289617,-58.1583443098752,-57.99174295031001,11.264260259814236,49.30758711241513
3.268507513661202,-51.0031676296036,-49.226286806141786,9.115022040704202,44.660508784097644
3.2768455430327865,-43.459412112822,-40.08519134503555,6.8424953026202,39.98216795689127
3.2851835724043714,-35.59741669219119,-30.491823769381895,4.366000025046415,35.37577761305035
3.2935216017759563,-27.50735079628513,-20.391800997427048,1.6298096165550926,30.94529251847199
3.3018596311475408,-19.274686008363574,-9.771775569309629,-1.3887248153287384,26.78317894386024
3.3101976605191257,-10.955092451381116,1.3414426057552686,-4.678806587703905,22.96295183623348
3.31853568989071,-2.562656945870786,12.894203031801021,-8.207409864168312,19.53101087998285
3.326873719262295,5.926123710597665,24.819722311720504,-11.936202726577934,16.49617046521813
3.3352117486338795,14.557522414650942,37.043503894328666,-15.83349022819009,13.823462670339087
3.3435497780054644,23.379239969767948,49.479649378612464,-19.87609878526332,11.440033241648973
3.351887807377049,32.41674288707102,62.022716530784706,-24.04402943296673,9.25257338683932
3.3602258367486337,41.653485195892735,74.53971159408493,-28.313453646330398,7.166995921620786
3.3685638661202186,51.02005218835051,86.86540906627262,-32.65259784125567,5.100623573285901
3.376901895491803,60.3928330164869,98.80394232144525,-37.02337878427969,2.983942860125463
3.385239924863388,69.60027668000363,110.13726514054295,-41.389092391906296,0.7559437045351454
3.3935779542349724,78.43522557348297,120.63737903077302,-45.724358062950856,-1.6407629879284795
3.4019159836065573,86.67158786408721,130.07878411730823,-50.02098529200649,-4.260990588237315
3.410254012978142,94.08260882010771,138.25008827613547,-54.28608478712561,-7.153421748468517
3.4185920423497267,100.45894553627951,144.96630337171908,-58.534213003398214,-10.354080360354377
3.426930071721311,105.626065054543,150.08427798198952,-62.778530570168826,-13.879935090237971
3.435268101092896,109.45930852248429,153.52054296564,-67.02555263824193,-17.72673288471903
3.4436061304644805,111.89340235881424,155.26574095292855,-71.27529096056033,-21.874262901977588
3.4519441598360654,112.92456975414414,155.38961185148224,-75.52519226819122,-26.2980459400509
3.4602821892076503,112.60620403911982,154.035469758023,-79.7745744078398,-30.981657025065907
3.4686202185792347,111.04030719845522,151.40655111929544,-84.02669082954633,-35.92317034706958
3.4769582479508196,108.36680378070572,147.7459621865489,-88.28652614817243,-41.13267293947526
3.485296277322404,104.75226123059096,143.31105070608234,-92.55355722215775,-46.621695181847116
3.493634306693989,100.37822750066647,138.34541114633276,-96.8107839278956,-52.38813947156095
3.5019723360655735,95.42833482861728,133.05538035760674,-101.01413150391178,-58.40226796205413
3.5103103654371584,90.07416857538308,127.5976918446929,-105.08796026202145,-64.59917296616126
3.518648394808743,84.46241649554487,122.08008620480967,-108.93019221416134,-70.87929412111521
3.5269864241803277,78.7076378991353,116.5711489787002,-112.42486807781712,-77.11355122427217
3.5353244535519126,72.89356121670524,111.1128631706585,-115.45609344658763,-83.1487565476591
3.543662482923497,67.08119263648739,105.73022097589842,-117.9189718638073,-88.8129209373517
3.552000512295082,61.31778710220833,100.43616502003,-119.7268900876358,-93.9236911910037
3.5603385416666664,55.64095607625464,95.23463195424702,-120.81580526704732,-98.30224937707129
3.5686765710382513,50.07720241313633,90.12577807653655,-121.14565434132847,-101.79074616987428
3.5770146004098358,44.639703496679815,85.11438542280203,-120.69925739571858,-104.26771851603242
3.5853526297814207,39.33116285983875,80.21797333065697,-119.47977434101357,-105.65616019599683
3.593690659153005,34.15316419060735,75.46906869278634,-117.50773909976638,-105.92325558137604
3.60202868852459,29.117594755800855,70.90818275159265,-114.8185706613697,-105.0755776883259
3.6103667178961745,24.25311203165265,66.56950051058598,-111.46153805470716,-103.15404387710228
3.6187047472677594,19.602129390574678,62.46626409125204,-107.50023887730988,-100.2290598414508
3.6270427766393443,15.209336887921507,58.582802165344496,-103.01260909096307,-96.39313545234073
3.6353808060109287,11.107310237514097,54.87518736526259,-98.08701496246574,-91.74943436870441
3.6437188353825136,7.305427684760769,51.27739181699671,-92.81156497851522,-86.39790509078202
3.652056864754098,3.785434747171773,47.70835209048432,-87.25702227155018,-80.42146221213451
3.660394894125683,0.5035160451399224,44.077675797660554,-81.45838807478164,-73.87321926698586
3.6687329234972674,-2.6027788784414834,40.29132600050761,-75.40262155201839,-66.76569899453185
3.6770709528688523,-5.604298297722215,36.25951535495567,-69.02817541295595,-59.064915739619025
3.685408982240437,-8.568759499349222,31.90586944622732,-62.238029518802286,-50.69287141169677
3.6937470116120217,-11.551695831230136,27.174213244861942,-54.92300263144682,-41.540451470090375
3.7020850409836066,-14.594256139051767,22.03207270046538,-46.98768538096158,-31.49140938138644
3.710423070355191,-17.728832202764405,16.475649638777885,-38.37173924022085,-20.456245988471043
3.718761099726776,-20.987160917918064,10.541767426669175,-29.06550255009976,-8.410706071523444
3.7270991290983604,-24.402536246419665,4.325515778336712,-19.12393960559214,4.5689426881179696
3.7354371584699453,-28.003314714251836,-2.0059583612671332,-8.680736069538202,18.281106155426357
3.7437751878415297,-31.804230498468467,-8.217695364265552,2.0426003229007414,32.392311161422214
3.7521132172131146,-35.80413158512007,-14.042405545363765,12.741590026359617,46.456928952902395
3.760451246584699,-39.99143493176789,-19.245556046548952,23.052875873001767,59.96460948598742
3.768789275956284,-44.35109754358965,-23.691350275972027,32.59484470960429,72.40558178457695
3.777127305327869,-48.86691694043432,-27.372873280833865,41.01592935468545,83.33717440257563
3.7854653346994533,-53.518748579991254,-30.396643299261356,48.039787601856176,92.43655128163766
3.7938033640710382,-58.278934729095496,-32.940281427407086,53.49754076759338,99.53112424887844
3.8021413934426227,-63.11181028450523,-35.20490704546034,57.34093305228,104.6040584657041
3.8104794228142076,-67.97605228569552,-37.374595502106935,59.63628977564826,107.77724145360759
3.818817452185792,-72.82637660839661,-39.58955018174298,60.54426203608412,109.27962311270277
3.827155481557377,-77.61207080508295,-41.936142855634586,60.29137404771464,109.41121697062682
3.8354935109289614,-82.27420477858757,-44.45209846673298,59.137433533604245,108.5084509413863
3.8438315403005463,-86.74638120207435,-47.14061756141376,57.341376652236235,106.90951362428262
3.8521695696721308,-90.96144419923381,-49.98645493292775,55.12877844337265,104.91744600326892
3.8605075990437157,-94.86029325362094,-52.969665095911054,52.666469779797346,102.76560306106369
3.8688456284153006,-98.39597088445704,-56.07525674293178,50.05084858917387,100.59645813158383
3.877183657786885,-101.53014476546186,-59.297174807216855,47.31379360103233,98.46278437139988
3.88552168715847,-104.22521524071469,-62.634233759063854,44.44427222648837,96.35119227424244
3.8938597165300544,-106.43765758210031,-66.07682314918401,41.41768418429361,94.21796026122298
3.9021977459016393,-108.11615954709386,-69.58722611175303,38.22133461874902,92.02192093752976
3.9105357752732237,-109.2047063924992,-73.08018955545737,34.86600315307041,89.74177668803277
3.9188738046448086,-109.64879984813788,-76.41081292304196,31.381287259676597,87.37408810189548
3.927211834016393,-109.40234352051678,-79.37447903531672,27.801756838220395,84.91865016778856
3.935549863387978,-108.43239613506407,-81.72047200785467,24.15459716191034,82.36352804720137
3.943887892759563,-106.71970392338241,-83.17770119397389,20.455091291266193,79.6786814906231
3.9522259221311473,-104.25525897281425,-83.48810000881025,16.70921730084254,76.81903284729775
3.960563951502732,-101.03574717937197,-82.4419545888312,12.918810506375117,73.7323638817855
3.9689019808743167,-97.06153963405428,-79.90968563011776,9.085666308284699,70.36658465383984
3.9772400102459016,-92.3388765879206,-75.86491881717967,5.214198221214903,66.67334685097345
3.985578039617486,-86.88450387790502,-70.39315328185128,1.3139563198752167,62.60951985661031
3.993916068989071,-80.72932393030605,-63.680752358907974,-2.598255819066587,58.14119326904023
4.002254098360655,-73.91881981404967,-55.98188611612113,-6.498739740839679,53.25295354482532
4.01059212773224,-66.510644331888,-47.566204652455994,-10.360614409569425,47.96033246545938
4.018930157103825,-58.57238393050134,-38.65898558109567,-14.159734039446004,42.320557809723994
4.02726818647541,-50.18270668563214,-29.395456805024338,-17.881420369229076,36.43773809458029
4.035606215846994,-41.43481221107367,-19.80869559847567,-21.526022134215317,30.461212636834386
4.043944245218579,-32.43605946675202,-9.851804514240529,-25.10989102010487,24.57650502773055
4.052282274590164,-23.297784524853764,0.5622668403208319,-28.65999260244584,18.986252108604873
4.060620303961748,-14.11511203014189,11.520893104858533,-32.205034246793794,13.878553675518907
4.068958333333333,-4.944127810991041,23.08063955761436,-35.768348141184255,9.387967888421057
4.077296362704918,4.212088835331621,35.24667248836692,-39.36574230221669,5.564729497917515
4.085634392076503,13.400365687545229,47.96237098698553,-43.00839691750785,2.367117583168971
4.093972421448087,22.69782442135827,61.10893856485073,-46.70883276348524,-0.32218005382880244
4.1023104508196715,32.1841285401188,74.51552915838414,-50.4866739438745,-2.6675957271520265
4.110648480191257,41.91639812340032,87.97976561792836,-54.3713234570435,-4.851841102844981
4.118986509562841,51.91448371758219,101.29574568666126,-58.40087883469619,-7.051343216543123
4.127324538934426,62.15856341230326,114.28307482600155,-62.61784704330244,-9.416961635222927
4.135662568306011,72.59600620378339,126.80843516814876,-67.06203113727169,-12.061116978152294
4.1440005976775955,83.15190675159153,138.79317773384952,-71.76136427809928,-15.052157833190796
4.15233862704918,93.73817785167964,150.20631543850365,-76.72235316780143,-18.415357944710372
4.1606766564207645,104.25872310418683,161.04783221537588,-81.92233818149309,-22.138717047267193
4.16901468579235,114.61070019664905,171.32853150986475,-87.30602898807524,-26.181872748891976
4.177352715163934,124.68281917046144,181.05075371391052,-92.78827544909038,-30.48713301298582
4.185690744535519,134.35179321607941,190.19270672230599,-98.26350469802998,-34.99092685158349
4.194028773907104,143.47848963709737,198.69845444147103,-103.62065081248527,-39.63297161749541
4.2023668032786885,151.90573585086278,206.47419925954844,-108.76127027612094,-44.361523926028674
4.210704832650273,159.4593585837499,213.39031872922834,-113.61743194678422,-49.134859108088875
4.219042862021857,165.95327633825227,219.28927486857103,-118.16564859595698,-53.920030093192594
4.227380891393443,171.19953989926043,224.00032587021343,-122.43428571017412,-58.69150518311323
4.235718920765027,175.02428845725478,227.3610232888837,-126.50303745311271,-63.43368239355185
4.244056950136612,177.28878487603086,229.2432643231354,-130.49351364689727,-68.1484101782905
4.252394979508196,177.91208565900283,229.5792414281796,-134.5511632555301,-72.8628207044955
4.2607330088797815,176.89057825237748,228.38134043244116,-138.8212020589222,-77.63122555400373
4.269071038251366,174.30958720869722,225.7511995273105,-143.42326201175595,-82.52903210214568
4.27740906762295,170.3434251299441,221.87582158517154,-148.4293496889785,-87.64071626412469
4.285747096994536,165.24268943644157,217.010603098526,-153.84826421600144,-93.04491759589087
4.29408512636612,159.3095788786739,211.45016453371284,-159.6191500374893,-98.79985750142147
4.302423155737705,152.8629937109549,205.48985330024547,-165.61687707714293,-104.93252614021472
4.310761185109289,146.19826494239075,199.38509445766567,-171.66936349733874,-111.43387227615206
4.319099214480874,139.55157417619978,193.32003574997674,-177.5816733730541,-118.25917043805056
4.327437243852459,133.07969003780943,187.39548926181635,-183.15914661713865,-125.33051798874551
4.335775273224043,126.85862923260439,181.63760783718743,-188.22502344353705,-132.53918106781563
4.344113302595628,120.89722492334128,176.02014918015144,-192.63205843741528,-139.7474751742536
4.352451331967213,115.15923608004566,170.49112139208765,-196.26835990023483,-146.79064382271704
4.360789361338798,109.58841141823773,164.997432199645,-199.05790024394258,-153.47921167343725
4.369127390710382,104.13142493107128,159.50394617675516,-200.95776437394926,-159.60285958357298
4.377465420081967,98.75405206169408,154.0042942543099,-201.95469377427662,-164.93776599548417
4.385803449453552,93.44779265962097,148.52172400091712,-202.0618923721815,-169.2590052896342
4.394141478825136,88.2270566473419,143.1008859005288,-201.31564588354803,-172.35779864206333
4.402479508196721,83.11923535074932,137.79398839971066,-199.77095643482295,-174.06156186480692
4.410817537568306,78.15088027644371,132.64507707086852,-197.49549838872792,-174.25305675558693
4.4191555669398905,73.33325121676965,127.6754050626522,-194.56231398555587,-172.88431421732275
4.427493596311475,68.65019464899802,122.87327000549605,-191.04304107831507,-169.9826186869533
4.43583162568306,64.05185505484364,118.19271887413917,-187.0026884459798,-165.64755348354976
4.444169655054645,59.458125423901606,113.56352110512421,-182.49489103842825,-160.03810880059586
4.452507684426229,54.773154100957754,108.90935674677733,-177.5559843201345,-153.34998585973415
4.460845713797814,49.907711227396156,104.16755888440959,-172.1971159537114,-145.7869479574995
4.469183743169399,44.80278000693852,99.30432809817646,-166.39550385597522,-137.5327776180543
4.4775217725409835,39.44574294804953,94.3206211406963,-160.08974250187828,-128.72933596766757
4.485859801912568,33.87149212921313,89.24539280095978,-153.1865575226995,-119.46360828403888
4.494197831284152,28.147058963843513,84.11715734660635,-145.58178314219262,-109.76581709586868
4.502535860655738,22.346664594910735,78.96006507033951,-137.1887537231275,-99.61992007036251
4.510873890027322,16.528544878098902,73.7629391174908,-127.96199718879534,-88.98299315914248
4.519211919398907,10.723451676689653,68.46834227711035,-117.90757642725096,-77.80541657789864
4.527549948770492,4.938604247288578,62.975052230284234,-107.0795498637534,-66.04668277860009
4.5358879781420764,-0.8261198253705473,57.153770806031034,-95.56758655105911,-53.68664922784381
4.544226007513661,-6.556862305547575,50.87439633616137,-83.48070301371669,-40.73106547967812
4.552564036885245,-12.20753230791395,44.04223117221032,-70.93023102541785,-27.208493336462272
4.560902066256831,-17.692761130250272,36.63817853907787,-58.01586689259721,-13.16002612983955
4.569240095628415,-22.89842956085679,28.75476817689766,-44.819601935873884,1.3709742538133909
4.577578125,-27.71040217240519,20.61671921617983,-31.40846014545839,16.341964802341742
4.585916154371584,-32.05135381112391,12.573162003706669,-17.840530483471248,31.70566123733315
4.594254183743169,-35.90786779453815,5.051632925237721,-4.1673802046134885,47.39894320284091
4.602592213114754,-39.336504678384074,-1.5239862747898973,9.568410491776833,63.33049766750498
4.610930242486338,-42.45213415211837,-6.829365087190407,23.33522841801605,79.37296723590967
4.619268271857924,-45.407930696643845,-10.7151049738269,37.10822231000938,95.36561056342215
4.627606301229508,-48.372633476988064,-13.23728524667983,50.85904641314481,111.12786481492198
4.635944330601093,-51.5075027160934,-14.640684202146344,64.54414548035987,126.47747023437341
4.644282359972677,-54.94638918613156,-15.307057456240047,78.09611152527016,141.2464405481051
4.652620389344262,-58.7831665700817,-15.68509650336414,91.42160671465155,155.29223973887963
4.660958418715847,-63.06846981469818,-16.217778178698367,104.40747423738225,168.50471188556338
4.669296448087431,-67.81358613044095,-17.28066985016067,116.93250023704158,180.81007376503922
4.677634477459016,-72.99675392814481,-19.141161157850505,128.87955666568894,192.17175299162977
4.685972506830601,-78.56766737741685,-21.941606154859848,140.14490353078475,202.58617122158975
4.6943105362021855,-84.44912821542711,-25.702346121455097,150.64473731998072,212.07300133029722
4.70264856557377,-90.53901814384749,-30.33900720497698,160.31888833512033,220.66267563695928
4.710986594945355,-96.71788665948785,-35.690304221453644,169.1301995690297,228.38477743143244
4.71932462431694,-102.86474193247565,-41.55275050806249,177.0593151809856,235.25959222177505
4.727662653688524,-108.8775280149622,-47.71669998626985,184.09659794941314,241.29457528392228
4.736000683060109,-114.68997879109222,-53.99641810918805,190.23376771417574,246.4867257076514
4.744338712431694,-120.2776631923391,-60.24835201768152,195.45764022821834,250.8286231091269
4.7526767418032785,-125.65292988192205,-66.37674952324348,199.74693756373196,254.31345829906033
4.761014771174863,-130.85459364811905,-72.32990353628836,203.0721770780697,256.9363711379752
4.769352800546448,-135.93819001830596,-78.09132176063184,205.39885252749912,258.6931957224455
4.777690829918033,-140.96883750382582,-83.67040363131896,206.69341239260478,259.57905458343595
4.786028859289617,-146.0159536993781,-89.09638993259038,206.93064758301492,259.58826632434045
4.794366888661202,-151.14780478491903,-94.41504406538381,206.10221607143666,258.716566254862
4.802704918032787,-156.42350030160395,-99.68334234778541,204.22673374169395,256.96696810651457
4.811042947404371,-161.8817114454164,-104.95907612235985,201.35988116988062,254.35971279724652
4.819380976775956,-167.5288709145731,-110.28766275580261,197.60099455239214,250.94478763827607
4.82771900614754,-173.3325076488781,-115.69176446794333,193.09266999335264,246.8136476366201
4.836057035519126,-179.22505519386397,-121.16896014377798,188.01083332395802,242.10475369287678
4.84439506489071,-185.1185290047123,-126.69931485845899,182.54466645376655,236.9969268345544
4.852733094262295,-190.9236626645132,-132.25951588601487,176.8700843663491,231.68840457205664
4.86107112363388,-196.56468965847543,-137.83709689616813,171.12490649833222,226.36653373489642
4.869409153005464,-201.98489106832847,-143.43931020901869,165.39422989868288,221.17827019327916
4.877747182377049,-207.14328050461205,-149.09424663626118,159.71016490595144,216.21177608458072
4.886085211748633,-212.00498820513835,-154.84443627312476,154.06437974399762,211.4944049456639
4.894423241120219,-216.52817989204792,-160.735036145737,148.4279720258417,207.00487326669986
4.902761270491803,-220.6513871406513,-166.7996946003241,142.7714711208505,202.69139313977828
4.911099299863388,-224.28595481524215,-173.04633276998237,137.07858225256592,198.48756945177536
4.919437329234972,-227.3162583138262,-179.44329527077713,131.35175444675997,194.32464956063882
4.927775358606557,-229.607298085867,-185.90697958678263,125.61243373038022,190.1435352024194
4.936113387978142,-231.01941472530294,-192.2953886736451,119.89826838639208,185.90524909751596
4.944451417349726,-231.43108484988042,-198.41339938376274,114.25578132011057,181.59231538348945
4.952789446721312,-230.7672963166568,-204.03178421088245,108.72715411726328,177.19769450575907
4.961127476092896,-229.02434207749474,-208.91552462719196,103.33395429388665,172.70864884963086
4.9694655054644805,-226.2797588268856,-212.85208007790422,98.06408413208769,168.09737054891076
4.977803534836065,-222.6814064912692,-215.66986977774386,92.86880456570832,163.32446594046334
4.98614156420765,-218.41770602798212,-217.2422619779429,87.67384573852839,158.35216889740425
4.994479593579235,-213.67752539796766,-217.48047341297175,82.40204292506354,153.15936226866611
5.002817622950819,-208.6124116096769,-216.32442433019216,76.9977890717534,147.75196730052699
5.011155652322405,-203.31344330887956,-213.73934116547036,71.44227807673086,142.1666226710228
5.019493681693989,-197.80711837086025,-209.7184000629397,65.75552112178966,136.46940757936926
5.0278317110655735,-192.0653113363782,-204.2855591608772,59.9892817622512,130.75170962303443
5.036169740437158,-186.02294276508104,-197.49526609281452,54.215700770159486,125.1210902476028
5.044507769808743,-179.60075649437306,-189.43177124241828,48.51265830875371,119.68258779498244
5.052845799180328,-172.7296954741836,-180.20969424169132,42.94771974955308,114.51238308204002
5.061183828551912,-165.3695468021546,-169.97137070711946,37.56587386927496,109.63496955470083
5.069521857923497,-157.5163607101071,-158.87595036389106,32.384416785733826,105.0148531699205
5.077859887295082,-149.19947372366354,-147.08186364307863,27.392981450720278,100.56422598004042
5.086197916666666,-140.47216076883697,-134.7294114400692,22.55545458329421,96.15985982267394
5.094535946038251,-131.39828582105983,-121.92793551259308,17.814606607956218,91.66299694647529
5.102873975409836,-122.03522162938764,-108.74731533478607,13.103303090808483,86.94061277818865
5.111212004781421,-112.41472826075702,-95.21373172969396,8.361907427503938,81.88611048607531
5.119550034153005,-102.5279002149128,-81.3127990878758,3.5530048850509184,76.43383865548921
5.12788806352459,-92.32253732348715,-67.00344902558747,-1.3368269609744579,70.56323978937957
5.136226092896175,-81.71663362691088,-52.24253740038034,-6.308668807303469,64.2945131666061
5.144564122267759,-70.62274080239051,-37.015350131119675,-11.36628620455892,57.68130315642618
5.152902151639344,-58.97331916454916,-21.363136295075524,-16.52400492690158,50.80505894285341
5.161240181010928,-46.7405205714241,-5.3974659060547925,-21.803798145017247,43.772948860985686
5.169578210382514,-33.94999319419812,10.703884853841597,-27.223049470895546,36.71873849550292
5.177916239754098,-20.69191791543785,26.713982881996227,-32.774736396376355,29.80478936043406
5.1862542691256825,-7.132492770085182,42.37525740096771,-38.40150739613268,23.222974827454454
5.194592298497268,6.4746517232550795,57.41228361222602,-43.96908680938095,17.19251512023486
5.202930327868852,19.783710765232517,71.53685002684902,-49.25054609214611,11.953155935988834
5.211268357240437,32.36864712588133,84.44723588806853,-53.93248505092246,7.752256662109018
5.219606386612021,43.758139586313966,95.83120749821227,-57.64477307455576,4.826445857678102
5.227944415983607,53.49137047360217,105.38617718804848,-60.0071826068325,3.3815301850937374
5.236282445355191,61.18549232445961,112.86140147016762,-60.68549124437727,3.5718623758161563
5.2446204747267755,66.60307629157343,118.11382981877883,-59.45030894318263,5.475507247123697
5.25295850409836,69.70812249664776,121.16263491520662,-56.22846292171174,9.064504317016
5.261296533469945,70.69870219170943,122.2259065613296,-51.13213012773575,14.180156739533405
5.26963456284153,70.00759481580471,121.72713418482034,-44.455516821322824,20.52769356125862
5.277972592213114,68.28378299310717,120.28173439999104,-36.65648054610546,27.684247448768794
5.2863106215846996,66.38791906310412,118.69576911710571,-28.365640770021052,35.088283725528164
5.294648650956284,65.40073025409154,117.97735355137871,-20.426455561004193,42.00635847575258
5.3029866803278685,66.57239130757416,119.29223596969696,-13.8865092440249,47.54297302156049
5.311324709699453,71.12719278892146,123.78168818736167,-9.84237742315392,50.77556145065621
5.319662739071038,79.92489104001824,132.24533504284753,-9.136255741219422,51.01441480020034
5.328000768442623,93.1150683637903,144.81779743676336,-12.047340324395636,48.0624446567261
5.336338797814207,109.98746581450065,160.8269946096581,-18.18856180426009,42.2929784035567
5.3446768271857925,129.12598437111467,178.93410633738105,-26.713771779164105,34.45835484104085
5.353014856557377,148.7800169192368,197.47885010658206,-36.72773071201297,25.327364160963743
5.361352885928961,167.25771201623934,214.85190110548703,-47.66523385243961,15.355286981370561
5.369690915300546,183.19982272916357,229.7611666684455,-59.45448347608292,4.544219346655626
5.378028944672131,195.70588905233197,241.36044916574156,-72.41191031733129,-7.462622787719535
5.386366974043716,204.3461078370179,249.2677951245579,-86.94175278674564,-21.11563434356255
5.3947050034153,209.1009818012914,253.511428143626,-103.20233624030591,-36.66166633428852
5.403043032786885,210.26382244605057,254.43501406374173,-120.90523912160263,-53.95858267281913
5.41138106215847,208.33245607081489,252.5855663938402,-139.32939407351876,-72.47422699395409
5.419719091530054,203.9081403305461,248.60169340912927,-157.51454876005312,-91.4428548917963
5.428057120901639,197.6128279835419,243.11757036500074,-174.51036493078612,-110.07455950115546
5.436395150273224,190.02974812126553,236.69366336277037,-189.56248129170305,-127.71356592795095
5.444733179644809,181.66568768499295,229.7766561541932,-202.19694748793333,-143.9091869310722
5.453071209016393,172.9296382307185,222.68434372610835,-212.22491880081913,-158.4176331939548
5.4614092383879775,164.1250645094556,215.61063298808483,-219.699129097308,-171.16315510391402
5.469747267759563,155.45630245189417,208.6466579013074,-224.84589310613472,-182.18158890899534
5.478085297131147,147.04713223132808,201.81232627319378,-227.99046991053274,-191.56485979557033
5.486423326502732,138.96485512595177,195.09028819587454,-229.48921864784182,-199.41797216093312
5.494761355874316,131.24147336189088,188.45389305349678,-229.677384744374,-205.8307880724365
5.503099385245902,123.88587988314114,181.88324974045528,-228.83684279532216,-210.86270314817432
5.511437414617486,116.88748846535097,175.36952728512267,-227.18323786625655,-214.53906361471132
5.5197754439890705,110.21888531591216,168.9142542382091,-224.86697582374967,-216.85739870309237
5.528113473360656,103.84516318356789,162.53139489876693,-221.98092474511807,-217.7994938273509
5.53645150273224,97.73991214371544,156.25399005293232,-218.5703805114633,-217.34547328897455
5.544789532103825,91.90041388500207,150.14015797090028,-214.64400469944255,-215.48742526348698
5.553127561475409,86.35269175735571,144.27081928315513,-210.18578112375755,-212.2409585015057
5.5614655908469945,81.14132325726688,138.73529278512748,-205.16761489151673,-207.65338775946248
5.569803620218579,76.3079560052476,133.60880187938992,-199.5611968690552,-201.80707453972641
5.5781416495901635,71.86950838438754,128.93135252371798,-193.34831913603892,-194.81648159625732
5.586479678961749,67.80537793053826,124.69578802174244,-186.52996017590286,-186.81921427580102
5.594817708333333,64.05553773511295,120.84695224439669,-179.13339482721838,-177.96442835844618
5.603155737704918,60.52611157987707,117.28939821509437,-171.21421089594963,-168.40221148674976
5.611493767076502,57.09895202319294,113.90034174248963,-162.84994565414675,-158.27273543609599
5.6198317964480875,53.643894933198105,110.54535974383427,-154.12601832285202,-147.6911345134096
5.628169825819672,50.03323251784656,107.09385649915743,-145.11940939383445,-136.72974897725533
5.636507855191256,46.157378452795356,103.43098350077693,-135.8855286143851,-125.40681871211108
5.644845884562841,41.939745408493714,99.46434771496776,-126.45027251805826,-113.68929499099717
5.653183913934426,37.347795478061364,95.12544598719269,-116.80820642631546,-101.5095569648873
5.661521943306011,32.39704260376472,90.36628029976869,-106.92839294797683,-88.79147570364822
5.669859972677595,27.147059191777092,85.15320207725036,-96.76718929447476,-75.48172762303892
5.6781980020491805,21.692557786397384,79.46264740940656,-86.28390295480824,-61.581977446250995
5.686536031420765,16.154254438140136,73.28383764252044,-75.4552739455037,-47.17548199261147
5.694874060792349,10.670857889542797,66.63057847683343,-64.28700061862433,-32.4389829155749
5.703212090163934,5.3883863397566625,59.55985111333307,-52.81965112400982,-17.627998002794364
5.711550119535519,0.44142519814131875,52.19062647611438,-41.12428065367535,-3.0281816875097696
5.719888148907104,-4.073734649896119,44.71409777478811,-29.286893749802445,11.115496372720683
5.728226178278688,-8.12430592110241,37.38817144129034,-17.388611414662012,24.659454515795588
5.7365642076502725,-11.750744923059017,30.512999666313963,-5.490613868458709,37.58203821937277
5.744902237021858,-15.054878434657406,24.38789002641166,6.372814676278567,49.95988475575365
5.753240266393442,-18.171863040311667,19.255300877519133,18.195326181362415,61.92002619380492
5.761578295765027,-21.237562542950414,15.246591903656734,29.994248527380343,73.59120795970034
5.769916325136612,-24.362467584520644,12.348526093424974,41.79854505815426,85.06767678774241
5.778254354508197,-27.61901541775221,10.401470079482435,53.630121788869424,96.38866191178013
5.786592383879781,-31.04393363642458,9.12691630766336,65.48516970510785,107.5320520333999
5.7949304132513655,-34.652176572178725,8.17419461859729,77.32147843473646,118.41943672321672
5.803268442622951,-38.454398965536086,7.175053514586458,89.05376921875198,128.92992132015354
5.811606471994535,-42.468455103640686,5.796574708902533,100.55769058043597,138.9207015945737
5.81994450136612,-46.71958055705843,3.785061564687055,111.68205410225067,148.2508424413104
5.828282530737704,-51.23082255419324,0.9945378257023685,122.26585444679793,156.80226894262842
5.8366205601092895,-56.00972150058264,-2.605409720012433,132.15457750896437,164.49365055031726
5.844958589480874,-61.03781623647848,-6.943494848538665,141.21193057250161,171.2871145819296
5.853296618852458,-66.2682738100603,-11.876855421605761,149.3266942385325,177.18787574345507
5.861634648224044,-71.63410125493608,-17.227914580228568,156.4160324847945,182.23438832719125
5.869972677595628,-77.06374106084886,-22.818578703915904,162.42557666305134,186.47888372449836
5.878310706967213,-82.495861646144,-28.494786038402342,167.32601105499646,189.96467607682493
5.886648736338797,-87.88669984730778,-34.138505266334334,171.10733967603545,192.71017686217664
5.8949867657103825,-93.20978954386557,-39.669333337396274,173.77397429628286,194.70643322180203
5.903324795081967,-98.45228276915397,-45.040798018921585,175.34413428513344,195.92757484442373
5.911662824453551,-103.61172930311433,-50.235733102999916,175.85446002988115,196.3478029343813
5.920000853825137,-108.6943176183056,-55.26214478149534,175.36639773441075,195.9582444449895
5.928338883196721,-113.71281410711043,-60.14833538586461,173.96876064785678,194.7795448632018
5.936676912568306,-118.68178465321046,-64.93598041500458,171.77337469888428,192.8678889782831
5.94501494193989,-123.60956368400267,-69.67220118344659,168.90539247565826,190.3130634862705
5.9533529713114755,-128.48901716580056,-74.40315907768677,165.49240511150774,187.22834268827026
5.96169100068306,-133.2903956961598,-79.17043322889984,161.65620019914402,183.73442450181946
5.970029030054644,-137.9590621210449,-84.00959348236735,157.50956676940226,179.94288597843058
5.978367059426229,-142.41912511054423,-88.94998287467162,153.15768817252783,175.9452734662454
5.986705088797814,-146.58178321774366,-94.01452631468773,148.69987113316,171.81029258273435
5.995043118169399,-150.35575230384558,-99.21764773840614,144.22667615620716,167.58738745959607
6.003381147540983,-153.6572203868498,-104.56021234776381,139.81168011434872,163.31345067902646
6.011719176912568,-156.41768729402364,-110.02338757875499,135.50188337493603,159.01917503228296
6.020057206284153,-158.58910687869198,-115.56568710737918,131.31158936440147,154.73174569517295
6.028395235655737,-160.14656261497262,-121.1263608686776,127.22164420889017,150.47181259186704
6.036733265027322,-161.0890305427378,-126.63375097881689,123.18287775697439,146.24510932901157
6.045071294398907,-161.43881914504348,-132.01315461685545,119.12208111748637,142.03258360529432
6.053409323770492,-161.23947750749028,-137.18869414948816,114.95049347336926,137.7857686524205
6.061747353142076,-160.55045508405732,-142.0771213544884,110.57615057414394,133.4331006187807
6.0700853825136605,-159.43753588051968,-146.576514461755,105.92016348826061,128.8971238065634
6.078423411885246,-157.9617813291122,-150.55734174581738,100.93349230512568,124.11582579348871
6.08676144125683,-156.17178385958812,-153.86373596797085,95.6083833859434,119.05910294312824
6.095099470628415,-154.10154584690144,-156.32769018047162,89.97965833430055,113.73485867388716
6.1034375,-151.7721399097523,-157.79167240598105,84.11494729887642,108.1845277131483
6.1117755293715845,-149.1934476742153,-158.1307155704448,78.09762391277842,102.47090226162511
6.120113558743169,-146.36397187785727,-157.26633353700498,72.00892290440326,96.66219852524864
6.128451588114753,-143.27012473071642,-155.17076650938458,65.91493539103983,90.81721453001325
6.136789617486339,-139.8875892398211,-151.86558193836007,59.8613428935289,84.97663103880149
6.145127646857923,-136.1849526619192,-147.41841359184517,53.87616372664566,79.16354395330515
6.153465676229508,-132.12764482216815,-141.9374142673172,47.97829333759238,73.39238771331931
6.161803705601093,-127.68102312464178,-135.56073137099813,42.18708191684894,67.68128409157387
6.1701417349726775,-122.81275548738378,-128.44037855389476,36.5279060243319,62.06134196538391
6.178479764344262,-117.49474349368847,-120.72406820518302,31.03154992865875,56.578527941644204
6.186817793715846,-111.70522567635787,-112.54021252934444,25.72892243403838,51.287466676734915
6.195155823087432,-105.43187322023309,-103.98774115240094,20.64492318796113,46.24010117473864
6.203493852459016,-98.67466682848428,-95.12896706866411,15.795314401832444,41.47423734091602
6.211831881830601,-91.44574722176085,-85.9860145588848,11.188502613347277,37.00656979843524
6.220169911202185,-83.76641913973698,-76.54411397940713,6.831110885956548,32.83256651170982
6.22850794057377,-75.66571914845531,-66.76331168353185,2.7334444510336566,28.932810360198566
6.236845969945355,-67.1831951978196,-56.598320354572685,-1.0896320206871657,25.28283951460476
6.245183999316939,-58.37230162962044,-46.02563675024778,-4.624270585600334,21.862338157449933
6.253522028688525,-49.29896120583806,-35.07255279490666,-7.86749788700375,18.660255369669592
6.261860058060109,-40.03464382529256,-23.83657887710659,-10.836827089713616,15.673939018835771
6.270198087431694,-30.647603926599317,-12.484994279003516,-13.575850914396046,12.901553619296873
6.278536116803278,-21.195560724149114,-1.2326656546764911,-16.154386701170868,10.329352383922549
6.286874146174863,-11.721966767723229,9.696803551430603,-18.663074655013734,7.919602260337212
6.295212175546448,-2.2576290371483987,20.116688654891455,-21.202472963646926,5.606505803539132
6.303550204918032,7.173430717224911,29.913159163742254,-23.867733737721093,3.3027112574545026
6.311888234289617,16.547877471468745,39.05600817489814,-26.732223498604714,0.9129616347825062
6.320226263661202,25.838186046560082,47.58257057056715,-29.834803213787175,-1.649980639622785
6.328564293032787,35.007024466397276,55.567555587015725,-33.17454347072552,-4.450272859282647
6.336902322404371,44.00151405127835,63.09314873524843,-36.71437518934916,-7.516833080729355
6.345240351775956,52.75164753885017,70.2272519440863,-40.39274875684883,-10.836458528750303
6.353578381147541,61.17538550589498,77.01170554912414,-44.13992756926883,-14.355155237435957
6.361916410519125,69.189135818794,83.45892001751074,-47.893894369101936,-17.98921018118374
6.37025443989071,76.72065514387307,89.5541447053342,-51.61112945588395,-21.643596831592784
6.378592469262295,83.72051609963697,95.26176773453902,-55.26928222795983,-25.23189350275288
6.3869304986338795,90.16745832673583,100.53617201905789,-58.8615213912855,-28.692023376700384
6.395268528005464,96.06444238657897,105.33713902489059,-62.386003175818765,-31.994903858950106
6.403606557377049,101.42655977777268,109.64572555099667,-65.836404283618,-35.145744494348605
6.411944586748634,106.26660178224559,113.47390080998741,-69.1982564742651,-38.178910263070286
6.420282616120218,110.58593847272753,116.86409671360109,-72.45171448119339,-41.14738793281151
6.428620645491803,114.37532155984154,119.88016524050501,-75.57787900504617,-44.10834656837764
6.436958674863388,117.62364955510571,122.59419251751208,-78.56476531110948,-47.10781809762657
6.4452967042349725,120.32812436159958,125.07385534255711,-81.41026363622244,-50.16894241358612
6.453634733606557,122.50030308783622,127.3740413245885,-84.12220487637275,-53.288066499872016
6.461972762978141,124.16658116226382,129.53432096204108,-86.71751250325862,-56.441009545501544
6.470310792349727,125.36451696031406,131.58081105005704,-89.221285445722,-59.598185226845885
6.478648821721311,126.13751776506851,133.5287531576632,-91.66467293074815,-62.74293306118208
6.486986851092896,126.53006576277835,135.3825418889109,-94.0808402905818,-65.88514679980699
6.495324880464481,126.58386222062222,137.13266520503032,-96.50015622613915,-69.06460268247841
6.503662909836065,126.33373670356805,138.75146611523786,-98.94582663107197,-72.34343364589122
6.51200093920765,125.80288108475742,140.19029167790467,-101.42979810610825,-75.79066490385479
6.520338968579234,124.99907691549707,141.38052600455134,-103.94869028105929,-79.46282193179982
6.52867699795082,123.91443577771898,142.2404237244654,-106.48084976815164,-83.38515498083022
6.537015027322404,122.5297825014987,142.68740424050995,-108.98565669058253,-87.53823605628868
6.545353056693989,120.82270604756333,142.65248743500854,-111.40482391704188,-91.85395650289809
6.553691086065573,118.77707081640717,142.0923249627398,-113.66513113684921,-96.22267345969806
6.562029115437158,116.39152077820142,140.99543338839172,-115.68303538477655,-100.50918645470844
6.570367144808743,113.68509230651755,139.38185170680427,-117.37158141194551,-104.57182377165702
6.578705174180327,110.69960638409911,137.29848011552062,-118.64844973244628,-108.27905502300615
6.587043203551913,107.49983358436567,134.81390851674874,-119.44304896739104,-111.52061320092405
6.595381232923497,104.17183045805605,132.01479281461616,-119.7018643617798,-114.21250282687554
6.6037192622950815,100.81806718856618,129.00205783813436,-119.39335135312122,-116.29692667416666
6.612057291666666,97.54788212127325,125.88361655191873,-118.51375786106917,-117.73883490100287
6.620395321038251,94.46481787797151,122.76298415737722,-117.09235578338804,-118.52016505827211
6.628733350409836,91.65541963442467,119.72690696025323,-115.19111431459534,-118.63241954902603
6.63707137978142,89.18264288273565,116.83616709333013,-112.89441070191579,-118.06928958797688
6.645409409153005,87.08243105026875,114.12212802041422,-110.28995987548132,-116.82216222398588
6.65374743852459,85.36005226240009,111.58894571037442,-107.44789567368133,-114.8808557816337
6.6620854678961745,83.98530522090839,109.21942569365258,-104.40602355838556,-112.23978381394222
6.670423497267759,82.88925355431118,106.98281863410585,-101.16575955656675,-108.90665703939274
6.678761526639344,81.96611241399329,104.84433373626942,-97.69853405014747,-104.90852131530033
6.687099556010929,81.08191224395428,102.77605692618457,-93.95938215901987,-100.29055562072979
6.695437585382513,80.08880097194665,100.76689462381665,-89.90309119315738,-95.10667321819895
6.703775614754098,78.84206855717983,98.82746175309552,-85.49747041088612,-89.40563534658222
6.712113644125683,77.21657571725282,96.98660233784032,-80.72887439519222,-83.2194485140172
6.7204516734972675,75.12015811348012,95.27912668348473,-75.5983699886827,-76.5600120533464
6.728789702868852,72.50284423894863,93.72732183222077,-70.11189780423769,-69.42609536396418
6.737127732240437,69.3618048060902,92.32106810819768,-64.27147515023528,-61.81855901051692
6.745465761612022,65.74320545140678,91.00291211586274,-58.07396835484484,-53.75852238391762
6.753803790983606,61.74257221528712,89.66321076985366,-51.51913985422345,-45.30221505816724
6.762141820355191,57.5036630263244,88.14621467749355,-44.62320239270492,-36.54920009551196
6.770479849726776,53.21328771321096,86.26491819061422,-37.43137980553051,-27.644392676092046
6.77881787909836,49.088058013577125,83.82289512407252,-30.023258186713374,-18.77358378811846
6.787155908469945,45.350414649959454,80.64195891264866,-22.507921491789794,-10.149291537414921
6.795493937841529,42.19665672148944,76.59275962517468,-15.011110246590533,-1.985833266258797
6.803831967213115,39.76651780743306,71.6232447028461,-7.659022783335063,5.530716124929597
6.812169996584699,38.125731938786615,65.77955883458262,-0.5609083450028888,12.2685440559591
6.820508025956284,37.26693624758463,59.214955952535526,6.208165188913873,18.16600101138916
6.828846055327869,37.124318194025626,52.184153132127264,12.618681980815982,23.23523567198938
6.837184084699453,37.5912634063484,45.02369271719289,18.684458756296173,27.552743904938552
6.845522114071038,38.53306494774412,38.12118841234165,24.44524615251441,31.23796340331788
6.853860143442622,39.7953752533644,31.87558435664638,29.942351699684178,34.424969813836235
6.862198172814208,41.213880734232056,26.650693839313437,35.20001604796282,37.23460444889215
6.870536202185792,42.627620420432116,22.72924755585405,40.22027695018562,39.75303991789306
6.8788742315573765,43.893193307203966,20.278523766835452,44.988956275814814,42.02019384723099
6.887212260928961,44.89582152469158,19.33479728991104,49.484468856981486,44.02989339093127
6.895550290300546,45.5558357097057,19.806543065936427,53.68359322308072,45.741941893271445
6.903888319672131,45.831657678472496,21.492046586322626,57.56376584965146,47.102406646285914
6.912226349043715,45.71984459570944,24.10625256661143,61.10307146163963,48.064891551965914
6.920564378415301,45.25119250479077,27.3130166662709,64.27789628391325,48.60513425711951
6.928902407786885,44.48246137246586,30.761004932712147,67.05849408019075,48.723805485272784
6.9372404371584695,43.484957237043965,34.121340111426804,69.40460635591228,48.43795006021535
6.945578466530054,42.33223626811102,37.12238681825443,71.26443755522578,47.76838123229242
6.953916495901639,41.08986788461814,39.5750404093719,72.57936527166859,46.73190436200189
6.962254525273224,39.80964684842762,41.382394491393,73.29449072278513,45.34085695059393
6.970592554644808,38.52842721282801,42.5318234075705,73.37305099037312,43.60564650940607
6.9789305840163935,37.27007213680004,43.075343402396996,72.81054475679164,41.53619737381705
6.987268613387978,36.048927594707415,43.10902656181081,71.64264527721151,39.14288718227936
6.9956066427595625,34.873699788048434,42.757752578983464,69.94289587250138,36.439620724228995
7.003944672131147,33.751074345521786,42.16317478304012,67.81162258528832,33.449454907460506
7.012282701502732,32.68860721623761,41.47064372398737,65.3612614032324,30.210131458732295
7.020620730874317,31.69643057270239,40.814935454978475,62.703329118395885,26.775919904013676
7.028958760245901,30.787487941384725,40.3074359416061,59.94029091692924,23.213429678203298
7.037296789617486,29.97579145768744,40.026706883652196,57.16234202379364,19.59180354068478
7.045634818989071,29.272201926551524,40.01365948184797,54.44653041032702,15.971373513735779
7.053972848360655,28.67898445185609,40.27270333781123,51.85566295071347,12.396937509298505
7.06231087773224,28.186157216417843,40.77905947268122,49.435386353696664,8.89939535433773
7.070648907103825,27.772246754102174,41.48985008828652,47.208939023490565,5.503689390346587
7.07898693647541,27.41034323345708,42.35457057840641,45.17158925445724,2.2362420323656913
7.087324965846994,27.077780641677588,43.32092233719187,43.288809216379214,-0.8747863522199637
7.095662995218579,26.765253568306303,44.3344550211932,41.50090388480477,-3.8078293059914126
7.104001024590164,26.48161347199874,45.33294105527811,39.733361382269216,-6.560093509627958
7.112339053961748,26.253439701068015,46.23840336176934,37.909835090781435,-9.15636581746344
7.120677083333333,26.12018860150525,46.95099270959486,35.96465636007859,-11.649074538335215
7.129015112704917,26.126068643951577,47.34776762281111,33.853272634233335,-14.108349594389379
7.137353142076503,26.310670053775087,47.28729275862316,31.560505671547382,-16.604868875665662
7.145691171448087,26.70115568904781,46.620665303743195,29.10684759279558,-19.19063053440968
7.1540292008196715,27.307936202861868,45.20959121996889,26.551719831137767,-21.883017389607968
7.162367230191257,28.123987283552623,42.9504873697935,23.99092231095853,-24.655894472461128
7.170705259562841,29.127090251475853,39.80169289780549,21.5462474060374,-27.439001957278887
7.179043288934426,30.284257068552954,35.8090867052898,19.348761611045077,-30.125475003676673
7.18738131830601,31.557291926107595,31.122653474723993,17.51979144196342,-32.587037144380226
7.195719347677596,32.90808857498064,25.99626952666963,16.15338552503503,-34.69465127494727
7.20405737704918,34.302954848633355,20.768820857385702,15.303425904781399,-36.33926965616894
7.2123954064207645,35.71631907559252,15.830855760861263,14.97838867362656,-37.446996058490754
7.220733435792349,37.13369372608878,11.580351186741847,15.144528510223678,-37.98685032284071
7.229071465163934,38.55206586527928,8.36902445719756,15.73424456612669,-37.973393157254876
7.237409494535519,39.97564891821034,6.445222867184214,16.654681588228236,-37.46684151255125
7.245747523907103,41.407003197881515,5.906058299698061,17.79376628197247,-36.57103628908856
7.2540855532786885,42.83576792342628,6.670211565303853,19.023949760474412,-35.428327864338435
7.262423582650273,44.22819380871903,8.478066281560652,20.205634562458634,-34.210515650079834
7.2707616120218574,45.52116130184171,10.925587882698549,21.19327530418797,-33.104635372471655
7.279099641393442,46.624526592548726,13.53303234223925,21.847600852707664,-32.29289063156041
7.287437670765027,47.433195680584134,15.832240166140638,22.054842300113606,-31.929314008109618
7.295775700136612,47.845506079134694,17.443847244345143,21.747988986067696,-32.119566019197016
7.304113729508196,47.7820479248017,18.122340884012548,20.9211407365267,-32.911042912816235
7.3124517588797815,47.20071880899537,17.764279314790056,19.630366759853516,-34.297170017722635
7.320789788251366,46.10572723267144,16.389706782903197,17.9810473958213,-36.23353183350754
7.32912781762295,44.54854620380249,14.112297027262557,16.107158540347246,-38.65769063943652
7.337465846994535,42.61998418934029,11.109741714515863,14.149370230314915,-41.50358816612498
7.34580387636612,40.43508019744181,7.597778105262031,12.236727176503083,-44.70605570756898
7.354141905737705,38.11381229196514,3.805491514470841,10.473562087518665,-48.197190165006745
7.362479935109289,35.76199226635627,-0.05026762211348122,8.932027156119897,-51.89959210607313
7.370817964480874,33.45971183938452,-3.7889370613747206,7.6510325749527235,-55.72058310100826
7.379155993852459,31.262751150272894,-7.284558844155873,6.640981361627694,-59.54967032505874
7.387494023224043,29.213345023870975,-10.476875952888921,5.890677282602722,-63.26146611732433
7.395832052595628,27.35114263426657,-13.374697374743961,5.372695178661036,-66.72583196823389
7.404170081967213,25.718606172825066,-16.049977663584123,5.046902652110902,-69.82283607374885
7.412508111338798,24.360213109649198,-18.62257570090519,4.864291485971033,-72.45473872186952
7.420846140710382,23.31578822681747,-21.238533731158658,4.772478887340239,-74.54838536876323
7.4291841700819665,22.608194295507168,-24.046327828427568,4.722141653618417,-76.05064155948455
7.437522199453552,22.229306260748327,-27.175911907370953,4.672714984863162,-76.92600788107437
7.445860228825136,22.13230222550502,-30.724030115114097,4.596175254961211,-77.16103920886293
7.454198258196721,22.2344759132381,-34.746785701152,4.478570202796579,-76.77230384806712
7.462536287568305,22.42649221316255,-39.25920603728433,4.3196152704740225,-75.81343748797714
7.470874316939891,22.582894743149865,-44.24099477142173,4.131103270632139,-74.38027810621738
7.479212346311475,22.57285660959169,-49.6456021569391,3.9348306009858276,-72.61391164038781
7.4875503756830595,22.27085140633734,-55.40842474720166,3.760382720580134,-70.69830357430766
7.495888405054645,21.56570679408698,-61.45229655789613,3.6431241139956194,-68.84730792286828
7.504226434426229,20.367299818116457,-67.69175898440172,3.622916149716493,-67.27967592950255
7.512564463797814,18.611420457645803,-74.03832756255572,3.743434963567426,-66.18692576226634
7.520902493169398,16.263681125799287,-80.40720022894675,4.050799549401328,-65.70183564130261
7.5292405225409835,13.3226063163133,-86.72346460619181,4.590137468568088,-65.87462229555935
7.537578551912568,9.820087125538144,-92.92543813470103,5.3998132545976265,-66.66215331058734
7.545916581284152,5.816195857473548,-98.96538769016051,6.503855251454844,-67.93335097980383
7.554254610655738,1.3875154517435433,-104.81063340082434,7.903348140352889,-69.49034668298252
7.562592640027322,-3.387215433585312,-110.44719834774071,9.568483775149954,-71.10078899728505
7.570930669398907,-8.437401277773118,-115.88393802443665,11.434663867099143,-72.53457849838787
7.579268698770491,-13.701928476980854,-121.15178502443877,13.40634739280324,-73.59831359058067
7.5876067281420765,-19.121912639165334,-126.29439871883518,15.369753837408336,-74.16131672985716
7.595944757513661,-24.62993582500898,-131.3522505029075,17.211433138041723,-74.16903291755344
7.604282786885245,-30.142569418192995,-136.34687076992896,18.837023110295558,-73.64301795270835
7.61262081625683,-35.56161996629984,-141.27200741322775,20.185222931941468,-72.6694973829746
7.620958845628415,-40.78532898158409,-146.0948669036439,21.23503046974507,-71.37999877486868
7.629296875,-45.724784502029344,-150.7659960736425,22.006743904460457,-69.92830464459833
7.637634904371584,-50.31704336958317,-155.2324186046519,22.558019492279808,-68.46778176286782
7.645972933743169,-54.52873894299542,-159.4477998253854,22.976181072159346,-67.1322410834207
7.654310963114754,-58.350082325195345,-163.37673251869194,23.36768402983399,-66.02189148658286
7.662648992486338,-61.783178849928035,-166.99421585998024,23.845475028102143,-65.19423643833744
7.670987021857923,-64.82893218643072,-170.28255215473476,24.514992204912982,-64.659349587412
7.679325051229508,-67.4764268405426,-173.2271146378646,25.459841705170422,-64.37964217735966
7.687663080601093,-69.69834943328468,-175.81186314963958,26.72912145371088,-64.27465114018183
7.696001109972677,-71.45429748643592,-178.01564457709011,28.329322134423606,-64.23085359369612
7.7043391393442615,-72.70096861955474,-179.81082316244778,30.223557863072436,-64.1150611716262
7.712677168715847,-73.40572396624484,-181.16569883413254,32.33916265010306,-63.78894775595808
7.721015198087431,-73.5590010767163,-182.05071789083863,34.58185900991533,-63.12343315201943
7.729353227459016,-73.18171541656122,-182.44611892793904,36.85258700055532,-62.013507208993836
7.737691256830601,-72.32551714100478,-182.34732538602535,39.06328122111336,-60.39311867260119
7.746029286202186,-71.0661966424083,-181.76613660364998,41.14921945684066,-58.246530929095144
7.75436731557377,-69.49293432006189,-180.72928936779758,43.076429209076444,-55.611809689222994
7.7627053449453545,-67.6969617351453,-179.27695314694236,44.84322897814143,-52.57539866313392
7.77104337431694,-65.76236094640215,-177.4613095547972,46.475748995486406,-49.260132699545295
7.779381403688524,-63.76027872947218,-175.34374212039356,48.01843103730722,-45.809257845228196
7.787719433060109,-61.74645750398344,-172.99054157600165,49.52180084000322,-42.36804207041703
7.796057462431693,-59.76114428525854,-170.46866685229725,51.030156291332084,-39.06588233929778
7.8043954918032785,-57.83030830236887,-167.8425676116467,52.571507800233746,-36.003262804409836
7.812733521174863,-55.967207400348926,-165.17151615907702,54.15240045310679,-33.245147628550534
7.821071550546447,-54.173502119778234,-162.50645682693892,55.75988168941435,-30.8186130633693
7.829409579918033,-52.439606402842216,-159.88634183602264,57.370096669008845,-28.7128675427098
7.837747609289617,-50.74458755934029,-157.33515768615595,58.95968703625952,-26.881804530213323
7.846085638661202,-49.05626628653949,-154.861577382633,60.51540747841772,-25.249404642402585
7.854423668032786,-47.33246846830602,-152.46273463783524,62.039169932047784,-23.718069628901997
7.8627616974043715,-45.52459621206956,-150.1313242182596,63.54798347575356,-22.1801959723242
7.871099726775956,-43.58402303716981,-147.86253578827927,65.06965390058294,-20.532378839845524
7.87943775614754,-41.47050333862369,-145.65712747221056,66.63561199046069,-18.689791794939033
7.887775785519126,-39.160795655456184,-143.51952474505552,68.2724009338345,-16.597610869220194
7.89611381489071,-36.65523360258413,-141.45287402562164,69.99346433915537,-14.237583859951853
7.904451844262295,-33.9803745688484,-139.4546316918247,71.79237803253719,-11.63024214238666
7.912789873633879,-31.187191788213575,-137.51520653206146,73.63780891717106,-8.834753689247671
7.921127903005464,-28.344886947628993,-135.6184999146193,75.47102284583616,-5.946835143172214
7.929465932377049,-25.52989244784388,-133.74082210074548,77.2078673395757,-3.093026076285014
7.937803961748633,-22.81023303546408,-131.8468256094067,78.74576014848651,-0.4213519043788944
7.946141991120218,-20.227624881112764,-129.88471433380616,79.97337672320745,1.9085912497325157
7.954480020491803,-17.78176478603842,-127.78370594473463,80.77991675959922,3.734026091609498
7.962818049863388,-15.421942511763158,-125.45510976726013,81.06211163547299,4.8971031924282675
7.971156079234972,-13.049531019660261,-122.79718546442193,80.72900303142288,5.254897262144698
7.979494108606557,-10.531381134143587,-119.70387918603521,79.7063778215249,4.691429465155534
7.987832137978142,-7.720966542909951,-116.07754394208229,77.94336066609429,3.1300201905622718
7.996170167349726,-4.483289191331977,-111.84519750094209,75.4217092205976,0.5442355339806746
8.00450819672131,-0.7205348836310075,-106.97714213907136,72.16483547673286,-3.0341128752502344
8.012846226092895,3.6038807120067275,-101.5063134045067,68.24178228757592,-7.5123249571917246
8.02118425546448,8.445666360393739,-95.54600692116219,63.763680342447664,-12.742325350407427
8.029522284836066,13.668161260006263,-89.3015273697817,58.87491507065401,-18.535282699750464
8.03786031420765,19.04431339559708,-83.06823480067722,53.743794433785716,-24.683671973841655
8.046198343579235,24.27847552781896,-77.20662774003797,48.55453097679315,-30.9888944003157
8.05453637295082,29.052619184439934,-72.08659676591202,43.49423225670244,-37.296406628466734
8.062874402322404,33.09430684605653,-68.00311115170894,38.724664198882024,-43.54140837507274
8.071212431693988,36.24632052660458,-65.09155922945342,34.344092750575385,-49.790301977661215
8.079550461065573,38.50187315940098,-63.29294435492352,30.36839120395065,-56.23792336349748
8.087888490437159,39.984408933038125,-62.39436570418288,26.753331695594923,-63.13491651014593
8.096226519808743,40.88983541664847,-62.11349923139725,23.443065184646123,-70.67160244266053
8.104564549180328,41.42567947661212,-62.176359786679065,20.411839223033517,-78.87144648555343
8.112902578551912,41.767041203352754,-62.36522404232566,17.679914042216183,-87.5305897378615
8.121240607923497,42.03297289234061,-62.53887123494848,15.303132178762953,-96.21724952051059
8.129578637295081,42.281491627218855,-62.63205039580818,13.346148122696304,-104.33499320305991
8.137916666666666,42.52013167395139,-62.63996994128139,11.853130989992803,-111.24892283878734
