time,ankle_flexion,knee_flexion,hip_flexion
0.0,-34.37553405263894,16.07768458105898,16.965638846468384
0.008338029371584699,-34.320684030745696,15.858471229670132,16.253333682029965
0.016676058743169398,-34.28429261819309,15.614040677124905,15.503868207283624
0.0250140881147541,-34.269867450353686,15.34335177914249,14.720538248364397
0.033352117486338796,-34.28064352861119,15.045668080011971,13.907102266732771
0.041690146857923494,-34.319458290065185,14.720611436279613,13.067763977504141
0.0500281762295082,-34.388631245039605,14.368208638775977,12.207147724114753
0.058366205601092895,-34.48985386950625,13.988928095513161,11.330265150447548
0.06670423497267759,-34.62409521396461,13.583703967338755,10.4424718694416
0.0750422643442623,-34.79152807461938,13.153945733234437,9.549413216062204
0.08338029371584699,-34.9914796099705,12.701531972748999,8.656958778517136
0.09171832308743169,-35.22240905672146,12.228788123997107,7.771126173553414
0.1000563524590164,-35.481913810447196,11.738449011631248,6.897995384972612
0.10839438183060109,-35.766763708476915,11.23360792685566,6.043615812719306
0.11673241120218579,-36.0729620021324,10.717654866681094,5.213908872066514
0.12507044057377048,-36.39583033401094,10.194207106348573,4.4145694429169735
0.13340846994535518,-36.73011411835205,9.667035526531981,3.650969635658582
0.1417464993169399,-37.070104101372465,9.139990030718344,2.928068194788363
0.1500845286885246,-37.40976956269775,8.616927000741384,2.250328434460665
0.15842255806010927,-37.742898586483136,8.101641122598975,1.621646961361903
0.16676058743169397,-38.063241034629726,7.5978031687312875,1.0452946856688643
0.17509861680327868,-38.364650232242155,7.108904552526819,0.5238708531911763
0.18343664617486338,-38.641219859456584,6.6382087714403415,0.05927014296385874
0.1917746755464481,-38.88741307089029,6.188709298640163,-0.3473376686759409
0.2001127049180328,-39.098181383347224,5.763093110764176,-0.6955163399826979
0.20845073428961747,-39.26907135016117,5.363708861172168,-0.9855611370355714
0.21678876366120217,-39.39631746086056,4.99253870776798,-1.2184872232290982
0.22512679303278688,-39.476920068308004,4.65117294763546,-1.396009462122065
0.23346482240437158,-39.50870746491563,4.340786853948472,-1.5205144994164848
0.24180285177595628,-39.49038152478562,4.062119409550182,-1.5950258561201756
0.25014088114754096,-39.42154662060179,3.8154539470923177,-1.623162668562726
0.2584789105191257,-39.302721829723254,3.6006010072959405,-1.6090926744277465
0.26681693989071037,-39.135336772140505,3.41688399439365,-1.5574800702747296
0.27515496926229505,-38.92171177255116,3.263128430297585,-1.47342893945808
0.2834929986338798,-38.665023398072975,3.137655783409999,-1.362423039605298
0.29183102800546445,-38.36925677100166,3.038282976438197,-1.230262807421852
0.3001690573770492,-38.03914636467596,2.9623287649108234,-1.0830004468153562
0.30850708674863386,-37.68010722841653,2.9066282291840255,-0.9268738833172527
0.31684511612021854,-37.29815872303561,2.8675566402272636,-0.7682401776597848
0.32518314549180327,-36.8998428532486,2.8410639419400336,-0.6135086981882284
0.33352117486338795,-36.4921391352117,2.8227210332948123,-0.46907398142751233
0.3418592042349727,-36.082377622236876,2.8077789192240403,-0.34124780885119466
0.35019723360655736,-35.67815122453186,2.7912416109121474,-0.2361896577923089
0.35853526297814203,-35.287227804397745,2.7679533703478922,-0.15983441625554193
0.36687329234972677,-34.91746172173359,2.7327004847970207,-0.11781615584781095
0.37521132172131144,-34.57670357255262,2.6803272002941902,-0.11538689530773466
0.3835493510928962,-34.27270584665922,2.6058647227729006,-0.15732970138668587
0.39188738046448085,-34.01302119074833,2.504671308737987,-0.24786617866631439
0.4002254098360656,-33.80488898954374,2.372580433835857,-0.3905593748449453
0.40856343920765026,-33.65510519971262,2.206052895363186,-0.5882143124717185
0.41690146857923494,-33.5698699715053,2.002327555244531,-0.8427796493361276
0.42523949795081967,-33.55460781710006,1.7595643789212203,-1.15525522577844
0.43357752732240434,-33.61375624232423,1.476972616729182,-1.5256113061330865
0.4419155566939891,-33.750521203260504,1.1549165656076703,-1.9527259784392135
0.45025358606557375,-33.9666018219298,0.794991489687535,-2.4343472685610164
0.45859161543715843,-34.26189271590337,0.40006307967314136,-2.967085922205802
0.46692964480874316,-34.63417999930371,-0.025734665658571063,-3.5464434571270878
0.47526767418032784,-35.07885593733171,-0.47704610210306064,-4.166878037150539
0.48360570355191257,-35.5886861357921,-0.9473854799011491,-4.821908134515251
0.49194373292349725,-36.1536700126767,-1.4292708426854581,-5.504251099290943
0.5002817622950819,-36.7610375494978,-1.9143950295147,-6.20599098912872
0.5086197916666666,-37.395420367831505,-2.393826242549965,-6.918767691399006
0.5169578210382514,-38.03922135863496,-2.8582291062848437,-7.633977805758569
0.5252958504098361,-38.673184726285825,-3.298096525810595,-8.342977150941543
0.5336338797814207,-39.2771403961942,-3.7039829712025556,-9.037275167792595
0.5419719091530054,-39.83086876844425,-4.066730933888212,-9.708712807078106
0.5503099385245901,-40.315010432574724,-4.3776839514346655,-10.349617481423618
0.5586479678961749,-40.71193634001537,-4.628881441217223,-10.952931014769904
0.5669859972677596,-41.00649961041003,-4.813232281368026,-11.51230891519444
0.5753240266393442,-41.186609060345745,-4.924665354110589,-12.02219144666007
0.5836620560109289,-41.24359160617689,-4.95825595949421,-12.477848683907517
0.5920000853825136,-41.17233921877212,-4.910327090521167,-12.875402902305233
0.6003381147540984,-40.97126008066752,-4.778524142809927,-13.21183227300581
0.608676144125683,-40.64206932227884,-4.561860934557592,-13.484959965822569
0.6170141734972677,-40.18946133513364,-4.260734229133569,-13.693432513033839
0.6253522028688524,-39.62070462932553,-3.876903596775897,-13.836690777647911
0.6336902322404371,-38.94519422075217,-3.413433698359799,-13.914936214698686
0.6420282616120219,-38.17398847881071,-2.874597100067817,-13.929094410075752
0.6503662909836065,-37.31934954238952,-2.265737562816172,-13.880777199504143
0.6587043203551912,-36.394300217184366,-1.5930962495164844,-13.772244056864412
0.6670423497267759,-35.412206188305106,-0.8636061429896477,-13.606362920999384
0.6753803790983606,-34.38639020483187,-0.08466273132815372,-13.386570212375178
0.6837184084699454,-33.32978399111869,0.7361187807732118,-13.116829473930222
0.69205643784153,-32.254623259867614,1.5911482512027524,-12.801587847261004
0.7003944672131147,-31.172190690740962,2.473095894726784,-12.445729457592694
0.7087324965846994,-30.092610682598846,3.375107894195048,-12.054524721626933
0.7170705259562841,-29.02469796212847,4.290994482698187,-11.633574606947843
0.7254085553278689,-27.97585986458415,5.215385699448758,-11.188748958991345
0.7337465846994535,-26.952049584927707,6.143853290140825,-10.726118173182247
0.7420846140710382,-25.957765274772143,7.073000233597016,-10.251877728774426
0.7504226434426229,-24.996087833325674,8.000521741565022,-9.772265419916394
0.7587606728142076,-24.068748803570102,8.925243048947104,-9.293471518534389
0.7670987021857923,-23.176219005312774,9.847139793646232,-8.821542577578539
0.775436731557377,-22.317808370291104,10.7673463206063,-8.362280119130826
0.7837747609289617,-21.491767776098143,11.68815597224113,-7.921136027320091
0.7921127903005464,-20.69538437086692,12.613015537574272,-7.503107047679494
0.8004508196721312,-19.92506283781941,13.546513726979617,-7.112631338723882
0.8087888490437158,-19.17638624696842,14.494361003987777,-6.753490475697334
0.8171268784153005,-18.444151681006744,15.463355495490493,-6.428720613542427
0.8254649077868852,-17.72237795745528,16.461327141854266,-6.140536620419587
0.8338029371584699,-17.004285920234636,17.497049846887233,-5.89027284794131
0.8421409665300547,-16.282256504666165,18.5801092619093,-5.678343780792971
0.8504789959016393,-15.54777869770858,19.720712157539243,-5.504227103501028
0.858817025273224,-14.791409044225475,20.929422379943574,-5.3664707642710425
0.8671550546448087,-14.002776329352045,22.216808613998154,-5.262724466947079
0.8754930840163934,-13.170678172371979,23.592991291556487,-5.189794774098484
0.8838311133879782,-12.283327382206593,25.06708097682598,-5.143721769719417
0.8921691427595628,-11.328809793020213,26.64650963397479,-5.119874128507889
0.9005071721311475,-10.295805018500602,28.336270491804555,-5.1130585795917725
0.9088452015027322,-9.174590511355717,30.13810233922557,-5.117639218761712
0.9171832308743169,-7.958294659587267,32.049679148382836,-5.127661958447503
0.9255212602459016,-6.644291554849161,34.06389261747127,-5.136979607251841
0.9338592896174863,-5.235554330951317,36.168337094006326,-5.139373595778565
0.942197318989071,-3.741730294866599,38.345114175442035,-5.128669133205386
0.9505353483606557,-2.1796954383259646,40.571058432751684,-5.098841489505184
0.9588733777322404,-0.573403910153587,42.8184403672216,-5.0441120466952425
0.9672114071038251,1.0470354301545939,45.056130881149144,-4.959033653983288
0.9755494364754098,2.6469763085385267,47.251127613858124,-4.838565581331511
0.9838874658469945,4.1893322921127805,49.37027058336712,-4.67813894434565
0.9922254952185792,5.636857644997036,51.38193609951534,-4.4737138467676525
1.0005635245901638,6.95430673189405,53.25750709654628,-4.221829653548846
1.0089015539617485,8.110227020126686,54.97247141387415,-3.9196497822260485
1.0172395833333332,9.078243028934253,56.50707869680552,-3.5650022080937616
1.0255776127049179,9.837798300837548,57.84656685515852,-3.1564165494657788
1.0339156420765028,10.374410838290714,58.98102994564245,-2.6931581646747498
1.0422536714480874,10.679549785169726,59.90503105884363,-2.175259183858647
1.0505917008196721,10.750257139697325,60.61706738278388,-1.60354584770622
1.0589297301912568,10.588627037604653,61.11897821690077,-0.9796609654264461
1.0672677595628415,10.201228868176386,61.41536053132608,-0.3060797718863421
1.0756057889344262,9.598529998029505,61.51302936944506,0.4138829996038013
1.0839438183060108,8.794346530696885,61.4205375561377,1.176077361059903
1.0922818476775955,7.805330102629114,61.147753353764266,1.975536347551739
1.1006198770491802,6.650486251679453,60.70548623366152,2.806511020741861
1.108957906420765,5.350714710853467,60.10514879783079,3.6625246142268897
1.1172959357923498,3.928362471716241,59.35844542354362,4.536447686440468
1.1256339651639344,2.406784623729152,58.477083499828204,5.420595321634781
1.1339719945355191,0.8099137416366915,57.472509289315525,6.3068463482068156
1.1423100239071038,-0.838155915222174,56.355675820553955,7.186783287630874
1.1506480532786885,-2.513559384442928,55.136853550029535,8.051850397445273
1.1589860826502731,-4.193016058347638,53.825495153550115,8.893525840408824
1.1673241120218578,-5.854139495866718,52.430163672369254,9.703502819447792
1.1756621413934425,-7.475696933219524,50.958528887247105,10.47387357677333
1.1840001707650272,-9.037819320453593,49.41743115847497,11.197309554657151
1.192338200136612,-10.522169094680933,47.813006131390964,11.867230809198807
1.2006762295081967,-11.912078656921878,46.15085863734084,12.47795797183011
1.2090142588797814,-13.192676669632064,44.43627050199722,13.024840643964259
1.217352288251366,-14.351021081003239,42.67442512319381,13.504357036999822
1.2256903176229508,-15.376256670466034,40.87063157562786,13.914180864338793
1.2340283469945355,-16.259810538480195,39.030532370385465,14.253212879202747
1.2423663763661201,-16.995631159263368,37.16028144506198,14.521575957800687
1.2507044057377048,-17.580465494624605,35.26668206271587,14.720574181353946
1.2590424351092895,-18.014154866625574,33.35727767843382,14.85261790415566
1.2673804644808742,-18.299915270540225,31.440392193174223,14.921118238403162
1.275718493852459,-18.4445541228083,29.525119140477983,14.930355666621871
1.2840565232240437,-18.45856667568792,27.62126209657381,14.88532853370535
1.2923945525956284,-18.35605556174707,25.73923087397031,14.791587901716188
1.300732581967213,-18.154429466792507,23.88989979572198,14.655065614613168
1.3090706113387978,-17.87386263382102,22.084435524488125,14.48190238535542
1.3174086407103824,-17.5365327366666,20.33410253716905,14.278282287152289
1.3257466700819671,-17.165693416961304,18.65005442140722,14.05027924493852
1.3340846994535518,-16.784669650877802,17.043118784891558,13.803720058603332
1.3424227288251365,-16.41587994650473,15.523582803576435,13.544067247863428
1.3507607581967211,-16.079984212349032,14.100985409172655,13.276323703376132
1.359098787568306,-15.795231305660948,12.783920967353826,13.004959869490767
1.3674368169398907,-15.577042830156529,11.579858171438397,12.73386306357807
1.3757748463114754,-15.437829661964258,10.494976910570042,12.466307621462477
1.38411287568306,-15.387004166765593,9.534025182973785,12.204943884190673
1.3924509050546447,-15.431129963257732,8.700197791868774,11.951803615227458
1.4007889344262294,-15.574144022042546,7.995038609596385,11.708319242096577
1.409126963797814,-15.817591138663246,7.418368586199073,11.475354318328634
1.4174649931693988,-16.160824893947634,6.9682423043815405,11.253242756448577
1.4258030225409835,-16.601148308173038,6.640936569364567,11.041834643425064
1.4341410519125681,-17.133888196411732,6.430975043578846,10.840546770809466
1.442479081284153,-17.752417064526767,6.331193042966029,10.648416351645707
1.4508171106557377,-18.448152952931352,6.33284607318297,10.464156720428928
1.4591551400273224,-19.210578745085513,6.425764340152931,10.286214093355895
1.467493169398907,-20.02732603203546,6.598553282589867,10.112824683697282
1.4758311987704917,-20.884363149172955,6.8388372673007325,9.94207160872788
1.4841692281420764,-21.766312305255198,7.13354025359185,9.771941085320641
1.492507257513661,-22.65689871774036,7.469193901515091,9.60037739390298
1.5008452868852458,-23.539509537158594,7.832260766749156,9.42533600574342
1.5091833162568304,-24.397817800863464,8.209458356093588,9.244834135006512
1.5175213456284151,-25.216412318316898,8.588069240186385,9.056997820313889
1.525859375,-25.981371852294288,8.956223252536098,8.860104491929837
1.5341974043715847,-26.680731481077842,9.303139929967468,8.65261987445651
1.5425354337431694,-27.304807481068693,9.619322450298334,8.433228044772795
1.550873463114754,-27.846369206572746,9.896697954792122,8.200853539336862
1.5592114924863387,-28.300666808175293,10.128702834826752,7.954674602131898
1.5675495218579234,-28.665338255860803,10.310314905578563,7.694126987995801
1.575887551229508,-28.940226372385666,10.438037096901489,7.418898171731094
1.5842255806010928,-29.127136980285414,10.509839217368022,7.128912328994222
1.5925636099726774,-29.229564785730815,10.525065474288507,6.824307002600563
1.6009016393442623,-29.252406711771386,10.484315836749408,6.505402889394231
1.609239668715847,-29.2016752413101,10.389309139449038,6.172668617576079
1.6175776980874317,-29.08421846173563,10.242735189044115,5.826682678186924
1.6259157274590164,-28.907449682824932,10.048102192326855,5.468094788225813
1.634253756830601,-28.6790878322891,9.809584699410854,5.097588879211185
1.6425917862021857,-28.406909955224137,9.531876047326925,4.715849631259569
1.6509298155737704,-28.098518427126734,9.220048083908239,4.3235340402485
1.659267844945355,-27.76112722582768,8.879419817858484,3.92124896473538
1.6676058743169397,-27.401373149456305,8.515435635789796,3.509535011900408
1.6759439036885244,-27.025158733559635,8.133552897285318,3.088856552329397
1.6842819330601093,-26.63753354800035,7.739138100253562,2.6595971604981767
1.692619962431694,-26.242619506747545,7.337370425121201,2.2220594071822806
1.7009579918032787,-25.84358395537093,6.933151330268387,1.7764677105675848
1.7092960211748633,-25.442661890955378,6.531018983862197,1.3229728950810058
1.717634050546448,-25.04122604305637,6.135066669706179,0.8616572040888587
1.7259720799180327,-24.639901003817798,5.748864877641415,0.39253874347616746
1.7343101092896174,-24.238715368998,5.3753875523655585,-0.08442533379242717
1.742648138661202,-23.837284074861913,5.016943885248893,-0.5693371942472951
1.7509861680327867,-23.43501183811145,4.675118032221142,-1.0623581107016362
1.7593241974043714,-23.031307816315902,4.350720146972438,-1.5637091278398463
1.7676622267759563,-22.625801266262712,4.043753029383711,-2.0736717007058276
1.776000256147541,-22.218548050671984,3.7533993791677145,-2.5925871090737984
1.7843382855191257,-21.810218312356156,3.4780349743025543,-3.120853253473331
1.7926763148907103,-21.402256502234607,3.2152729236117636,-3.6589173491107525
1.801014344262295,-20.997006222735095,2.962043357209206,-4.207263059809338
1.8093523736338797,-20.597794020362088,2.71471145471272,-4.7663907580931255
1.8176904030054644,-20.208968271199154,2.4692345880572595,-5.336789858568745
1.826028432377049,-19.83589152093903,2.221356694629154,-5.918902545934577
1.8343664617486337,-19.48488686212555,1.9668350243478085,-6.513078700071924
1.8427044911202184,-19.163140896426,1.7016914343318754,-7.119522399721561
1.8510425204918033,-18.878567269699275,1.4224777925556127,-7.7382310495736535
1.859380549863388,-18.639635464224995,1.1265431355312674,-8.36892890193952
1.8677185792349726,-18.455169381183552,0.8122892624442251,-9.01099750101029
1.8760566086065573,-18.334119302416624,0.4794015687070562,-9.663406317735275
1.884394637978142,-18.285309313851315,0.12904310622442353,-10.324647502485385
1.8927326673497267,-18.317160588477677,-0.23599804915775427,-10.992679180949528
1.9010706967213113,-18.437389552509174,-0.6112152900882774,-11.66488196572007
1.909408726092896,-18.652679417130585,-0.9903478751023945,-12.338033261603423
1.9177467554644807,-18.96832433535444,-1.3654040636994949,-13.00830343285171
1.9260847848360654,-19.387847918357195,-1.7267407546245488,-13.671276936542297
1.9344228142076503,-19.912602223538954,-2.0631946526409597,-14.32200012342287
1.942760843579235,-20.54135955888964,-2.362257713856853,-14.955055647775296
1.9510988729508196,-21.26991713255039,-2.6102879230145573,-15.564661462219004
1.9594369023224043,-22.090742846754694,-2.7927454441368176,-16.144790409020953
1.967774931693989,-22.992697990388493,-2.894443962472837,-16.689304691872888
1.9761129610655737,-23.96087733979587,-2.899807693178393,-17.192098246119954
1.9844509904371583,-24.97660714216343,-2.7931261304337687,-17.64723939361966
1.992789019808743,-26.01763488744139,-2.558801151869585,-18.049106256622306
2.0011270491803277,-27.058531038681764,-2.181584499934176,-18.39250819468596
2.0094650785519126,-28.07130316623052,-1.6468077631025717,-18.67278790053887
2.017803107923497,-29.026200471682273,-0.9406115011368938,-18.88590054981544
2.026141137295082,-29.892666287226362,-0.05018470898732005,-19.02846831291382
2.0344791666666664,-30.640382758363984,1.035970141244529,-19.097810376597554
2.0428171960382513,-31.240348892487248,2.3277284263116877,-19.09195020073897
2.0511552254098357,-31.66594069300426,3.832972398978442,-19.009602927702122
2.0594932547814206,-31.8939168381318,5.557142088141945,-18.85014661512058
2.0678312841530055,-31.905349236012384,7.50269999830481,-18.613581288470783
2.07616931352459,-31.686467904951783,9.66851561913282,-18.30047976750448
2.084507342896175,-31.229408561911583,12.049196950135677,-17.911933898376898
2.0928453722677594,-30.53283713709618,14.634423745787064,-17.449499318518157
2.1011834016393443,-29.602401154262267,17.40836744093714,-16.915141285194792
2.1095214310109287,-28.450931794591085,20.349308565927902,-16.311183486494016
2.1178594603825136,-27.098304891145347,23.42957349282887,-15.640261179483902
2.126197489754098,-25.570877308709242,26.615897440177353,-14.905279497574503
2.134535519125683,-23.900455796168217,29.87027287676603,-14.109377351793846
2.142873548497268,-22.122826573968595,33.15126482255708,-13.255897018320944
2.1512115778688523,-20.275960108656236,36.4156831445435,-12.348359246909013
2.159549607240437,-18.398080717747163,39.62042293476525,-11.390443526419435
2.1678876366120217,-16.525828266114118,42.72424387622001,-10.38597298811969
2.1762256659836066,-14.692724398966618,45.68927274662326,-9.338903300164697
2.184563695355191,-12.928092765273348,48.482075330211124,-8.25331479721688
2.192901724726776,-11.256492640323998,51.07423362768455,-7.133406991863496
2.2012397540983604,-9.697635880816577,53.44245356154288,-5.9834945289695805
2.2095777834699453,-8.266690513499555,55.568294982915816,-4.808003574735167
2.21791581284153,-6.9748404859166016,57.437649639595634,-3.611467587175763
2.2262538422131146,-5.829968079958519,59.040095998255225,-2.3985214045635135
2.2345918715846995,-4.837343787421574,60.36824190535515,-1.1738926242727623
2.242929900956284,-4.000237039029656,61.41713812997014,0.057610663538315884
2.251267930327869,-3.3203913037658026,62.183816682781845,1.2911165679903844
2.2596059596994533,-2.7983336702766195,62.666982536314805,2.5217110757323753
2.2679439890710382,-2.433510358860218,62.86686766923994,3.7444649944210657
2.2762820184426227,-2.224256158889787,62.78524163586659,4.954466108430399
2.2846200478142076,-2.1676190159274284,62.425561453804306,6.146856128448978
2.292958077185792,-2.25907246408012,61.79323370286089,7.316871641254302
2.301296106557377,-2.4921593381110227,60.89595205020811,8.45988790816284
2.309634135928962,-2.8581203069287824,59.7440636331634,9.571464050038017
2.3179721653005463,-3.3455692062549787,58.350908732246175,10.64738792199797
2.326310194672131,-3.940281743094559,56.733072084607315,11.683718846796587
2.3346482240437156,-4.625161955917065,54.91048404243242,12.676826360002792
2.3429862534153005,-5.380438962053319,52.90631863656131,13.623423230944491
2.351324282786885,-6.184123456691935,50.746655275193625,14.52059125842201
2.35966231215847,-7.012720274492764,48.459900471871336,15.365798685688839
2.3680003415300543,-7.842154672729819,46.07600140111663,16.156908511073865
2.3763383709016392,-8.648833415068196,43.6255169958778,16.8921774565855
2.384676400273224,-9.41073581540546,41.138636485390734,17.570245859472493
2.3930144296448086,-10.108421367348512,38.64424333251234,18.19011923217046
2.4013524590163935,-10.725851777658548,36.169112412431154,18.75114265791927
2.409690488387978,-11.250953200020007,33.73730310161037,19.25296952214875
2.418028517759563,-11.675882190479342,31.369777746601628,19.695526301854912
2.4263665471311473,-11.996997851798199,29.084242005914977,20.07897523564891
2.434704576502732,-12.214575504815357,26.895177514139636,20.403676676340773
2.4430426058743167,-12.332319646449236,24.814021720092004,20.67015279711034
2.4513806352459016,-12.35674475890788,22.849444761958647,20.879054102137662
2.459718664617486,-12.296493000511589,21.007676639141525,21.031129910391385
2.468056693989071,-12.161650517242848,19.292846481593408,21.12720366792333
2.476394723360656,-11.96311197282455,17.707306296505948,21.168153630054906
2.4847327527322403,-11.712028538244766,16.251921873142553,21.154899167008207
2.493070782103825,-11.419360114615216,14.92632219763492,21.088392704797783
2.5014088114754096,-11.095539506688084,13.729105245575631,20.969617128792116
2.5097468408469945,-10.75024558072478,12.658002418066902,20.799588351958487
2.518084870218579,-10.392274589317296,11.710006503039017,20.579362675821447
2.526422899590164,-10.02949386015058,10.881469316169404,20.310048533932484
2.5347609289617483,-9.66885963305306,10.168175522271122,19.99282218338224
2.543098958333333,-9.316480492517755,9.565398897258708,19.628946874346614
2.551436987704918,-8.97770900122947,9.067946706406923,19.219794955358516
2.5597750170765026,-8.657246235568223,8.670197103472265,18.76687224101763
2.5681130464480875,-8.35924649081079,8.366133586797826,18.271843765069033
2.576451075819672,-8.087412122866056,8.1493796273302,17.736559763238514
2.584789105191257,-7.8450711146265775,8.013235630773762,17.16308039106514
2.5931271345628413,-7.635232396212544,7.950719428113833,16.553697315159738
2.601465163934426,-7.460616182790375,7.954610530602396,15.91094997381075
2.6098031933060106,-7.323658634521294,8.017497479514295,15.23763405242968
2.6181412226775955,-7.2264920118605716,8.131826829461184,14.536799637031542
2.62647925204918,-7.17090320092619,8.289951703210862,13.811736667318119
2.634817281420765,-7.158274992182001,8.484177525238104,13.065945764081228
2.6431553107923498,-7.189515750630619,8.706802546681576,12.303093273652994
2.6514933401639342,-7.264984028303033,8.950151150750886,11.526950428402946
2.659831369535519,-7.384415139140145,9.206598663317594,10.741317787706246
2.6681693989071036,-7.546856652153906,9.468587423161793,9.949937471105045
2.6765074282786885,-7.750619107302995,9.728635074917845,9.156396964836706
2.684845457650273,-7.993247026018238,9.979337285581252,8.364029307744671
2.693183487021858,-8.271513556735286,10.2133681930802,7.575815099184417
2.7015215163934423,-8.581440026192638,10.423482731229411,6.794291927262604
2.709859545765027,-8.91833948812706,10.60252543892893,6.021476467492604
2.718197575136612,-9.276881341879715,10.743450406582992,5.258803700314598
2.7265356045081965,-9.651172507561512,10.839356647263996,4.507086554090551
2.7348736338797814,-10.034849727109389,10.88354245352879,3.766497950636954
2.743211663251366,-10.42117747089145,10.869581283994131,3.03657587580299
2.751549692622951,-10.803146722387297,10.791420488577643,2.31625086314125
2.7598877219945352,-11.17357152556805,10.643502785167351,1.603894271303689
2.76822575136612,-11.52518242942081,10.420908881493153,0.8973850140337192
2.7765637807377046,-11.85071856263302,10.119518019533148,0.1941919760142338
2.7849018101092895,-12.143022639826796,9.736181535362057,-0.5085308109945206
2.7932398394808744,-12.395145292143539,9.268902831117154,-1.2138391058687084
2.801577868852459,-12.600466244553616,8.717015552640882,-1.92488619229949
2.8099158982240438,-12.752839552490897,8.081350423531731,-2.644805832378353
2.818253927595628,-12.846767963610247,7.3643803299135815,-3.3765925999146127
2.826591956967213,-12.877607276233661,6.570333138708789,-4.122981541483222
2.8349299863387976,-12.841795438751504,5.705262604655867,-4.886328989978895
2.8432680157103825,-12.737093652032485,4.777069726223102,-5.668496344919146
2.851606045081967,-12.562819025334164,3.795470030597837,-6.470738743957263
2.859944074453552,-12.32004201903355,2.771906264672192,-7.293600773077366
2.8682821038251363,-12.011718855227116,1.7194103743442033,-8.13682167379517
2.876620133196721,-11.642730939226254,0.652422827642781,-8.999252861402137
2.884958162568306,-11.219810942594549,-0.41341941373285435,-9.878790907733077
2.8932961919398905,-10.751348041603919,-1.4615132273236895,-10.77232938796054
2.9016342213114754,-10.247080842728124,-2.4745250047364697,-11.675733056281992
2.90997225068306,-9.71770252399513,-3.434620583991462,-12.583837613390694
2.9183102800546448,-9.17441509970574,-4.323681641514015,-13.490477788464368
2.926648309426229,-8.628475646776778,-5.123504804172819,-14.388545543088451
2.934986338797814,-8.090775628807023,-5.815983848879869,-15.270078928211197
2.9433243681693986,-7.571485898434318,-6.383278879729481,-16.126380564762844
2.9516623975409835,-7.07978692097025,-6.807978898576354,-16.948163014381173
2.9600004269125684,-6.62368934453751,-7.073265577517943,-17.725716649435594
2.968338456284153,-6.209937123096566,-7.163086407790485,-18.44909423446495
2.9766764856557377,-5.843975959407459,-7.0623449931983115,-19.108305492200323
2.985014515027322,-5.529964733945178,-6.757115352225661,-19.69351458918789
2.993352544398907,-5.270806739715908,-6.234885868153507,-20.19523379368023
3.0016905737704915,-5.068180317728647,-5.484836978444321,-20.60450748329982
3.0100286031420764,-4.922554089123153,-4.498154618363257,-20.913082064697353
3.018366632513661,-4.833179689902224,-3.26837846406886,-21.11355899091633
3.026704661885246,-4.798064110972021,-1.7917797410000291,-21.199529668133398
3.0350426912568302,-4.813933720042456,-0.06775747653140789,-21.165692383745693
3.043380720628415,-4.87621169330879,1.9007653849386752,-21.007952261748134
3.05171875,-4.979038157765885,4.106973037294441,-20.72350553488525
3.0600567793715845,-5.1153654140737075,6.539850221513168,-20.31090908519664
3.0683948087431694,-5.277156547017796,9.183979029298095,-19.770135312134933
3.076732838114754,-5.455702746130683,12.019481297871721,-19.102611099833638
3.0850708674863387,-5.642053183494852,15.02214302723132,-18.311238210529478
3.093408896857923,-5.827525036564381,18.163743413375972,-17.400391123766255
3.101746926229508,-6.004237022185336,21.412589944726363,-16.37588748743303
3.1100849556010925,-6.165595631338604,24.734235646286006,-15.24492624031748
3.1184229849726774,-6.306665079529608,28.092329979794158,-14.015989321142307
3.1267610143442623,-6.424370727729155,31.449536712669726,-12.698704773273297
3.135099043715847,-6.517516320533062,34.768444629306885,-11.303671880953857
3.1434370730874317,-6.586628708591675,38.01240190394139,-9.842252424597996
3.151775102459016,-6.6336703913191855,41.14622065367566,-8.32633573848935
3.160113131830601,-6.661674198867118,44.136720493972476,-6.768088416977526
3.1684511612021855,-6.674354664477306,46.95310375418268,-5.179701686576674
3.1767891905737704,-6.675740278820626,49.567176046345416,-3.5731502271279534
3.185127219945355,-6.669855070537565,51.9534415701046,-1.959975414665168
3.1934652493169398,-6.660461829622605,54.08911227498549,-0.3511036859778964
3.2018032786885247,-6.650866226438794,55.95407457926866,1.2432926407102864
3.210141308060109,-6.643772654252885,57.53085810750091,2.813888679810164
3.218479337431694,-6.641178966368386,58.804648985973756,4.352254928294376
3.2268173668032785,-6.6442977450361695,59.76338603696495,5.85086374886916
3.2351553961748634,-6.653495469420037,60.39797122393474,7.303060824709645
3.243493425546448,-6.668247146908229,60.70261455434864,8.7030095579878
3.2518314549180327,-6.687111860219801,60.675316481884025,10.04561693460689
3.260169484289617,-6.70774320459968,60.318466032441904,11.326449095977141
3.268507513661202,-6.726955972131492,59.639500191971145,12.541643967314691
3.2768455430327865,-6.740873885489236,58.651532317843994,13.687827028491363
3.2851835724043714,-6.7451790907585405,57.37382172948151,14.762034891191151
3.2935216017759563,-6.7354692955329085,55.831935249924115,15.761649931374189
3.3018596311475408,-6.707702401797235,54.05745885431071,16.684347931173463
3.3101976605191257,-6.6586760271244145,52.08716505466219,17.52805957179021
3.31853568989071,-6.58646133833841,49.961629471666114,18.29094571137514
3.326873719262295,-6.490701072557201,47.72340165684019,18.971385674344802
3.3352117486338795,-6.372700336305982,45.414938978393664,19.56797725003961
3.3435497780054644,-6.235284068438517,43.07657293832322,20.07954672123928
3.351887807377049,-6.082451852124905,40.74477212890476,20.50516698885398
3.3602258367486337,-5.918907347694969,38.45089713546055,20.8441817041214
3.3685638661202186,-5.749559244390895,36.22053544876119,21.096233245779654
3.376901895491803,-5.579079887186836,34.07339463640328,21.26129237499864
3.385239924863388,-5.4115762501299685,32.023649484861735,21.339687458555044
3.3935779542349724,-5.25039098827574,30.080597416461657,21.332131267577974
3.4019159836065573,-5.0980215720097135,28.24947375467964,21.239743533504218
3.410254012978142,-4.956128778080284,26.532302018305007,21.064067672618304
3.4185920423497267,-4.82560148369717,24.92868986364935,20.807080371667197
3.426930071721311,-4.706648769815615,23.436517105607624,20.471193052289927
3.435268101092896,-4.598898274668485,22.05249184091918,20.059244590460136
3.4436061304644805,-4.5014881785327105,20.772571772441545,19.574485044394603
3.4519441598360654,-4.413147304362724,19.592260857704314,19.020550523497736
3.4602821892076503,-4.332262956374677,18.50679812603269,18.40142969395361
3.4686202185792347,-4.2569393626580165,17.51125793801738,17.721422746391756
3.4769582479508196,-4.1850512924835215,16.600580845987036,16.98509393306846
3.485296277322404,-4.114297964574249,15.769552853666015,16.19721900555897
3.493634306693989,-4.042262044517329,15.01274912579062,15.362729043074987
3.5019723360655735,-3.9664775393468545,14.324456563644627,14.486652254924847
3.5103103654371584,-3.8845088530613765,13.69858837371195,13.5740553711602
3.518648394808743,-3.7940412620388173,13.128602857635414,12.629986209043093
3.5269864241803277,-3.692980723959238,12.607438050946561,11.659418927529794
3.5353244535519126,-3.5795584346335545,12.127473347293586,10.667203366316663
3.543662482923497,-3.4524331678300797,11.68052861041427,9.658019719005944
3.552000512295082,-3.3107825271117406,11.257910212363011,8.63633961997899
3.5603385416666664,-3.1543731988538894,10.85051166830598,7.606394539089383
3.5686765710382513,-2.9836004846173267,10.44897385253144,6.572152183695489
3.5770146004098358,-2.7994890521640485,10.043906083129784,5.537301408997203
3.5853526297814207,-2.6036500141258614,9.626164729848321,4.505245938953916
3.593690659153005,-2.3981938912156835,9.18718070699806,3.4791070036131204
3.60202868852459,-2.1856042356283467,8.719321734121861,2.461734805347475
3.6103667178961745,-1.968581948667449,8.216270207471426,1.455728535735484
3.6187047472677594,-1.749874780711039,7.673393621884847,0.46346447497171944
3.6270427766393443,-1.5321093437357547,7.088082375288237,-0.5128684853693664
3.6353808060109287,-1.3176435811862603,6.460029985824587,-1.4712267493955
3.6437188353825136,-1.1084557341124253,5.79143351139898,-2.4096644042339426
3.652056864754098,-0.9060815262585464,5.087097214441787,-3.3262813366379245
3.660394894125683,-0.7116050913546843,4.354429832786349,-4.219168522698519
3.6687329234972674,-0.5257019687553424,3.603334429643082,-5.08635211733517
3.6770709528688523,-0.3487254117423788,2.845998664030951,-5.925738129571987
3.685408982240437,-0.18082143536297224,2.096601283635436,-6.7350595913917575
3.6937470116120217,-0.02205443984709632,1.3709565970776232,-7.511828196838428
3.7020850409836066,0.12747555008097322,0.6861218108095343,-8.253292389180201
3.710423070355191,0.26754094785597715,0.05999204695736366,-8.956403795361922
3.718761099726776,0.39773250103891655,-0.48909524467711707,-9.617793742100336
3.7270991290983604,0.5174497214895268,-0.9427302500477646,-10.233761338073235
3.7354371584699453,0.6259363537646863,-1.2827657723159909,-10.800274282487065
3.7437751878415297,0.7223558135526673,-1.4916150344872694,-11.312983182506024
3.7521132172131146,0.8058972712181571,-1.5525165556544067,-11.76724975957639
3.760451246584699,0.8759003999328172,-1.4497753461886285,-12.158188931477653
3.768789275956284,0.9319856554740369,-1.168992765474094,-12.480724406598005
3.777127305327869,0.9741769479478393,-0.6972984203806893,-12.729657146713068
3.7854653346994533,1.003004264070185,-0.023596462541268556,-12.89974585940421
3.7938033640710382,1.0195748561348523,0.8611643425567591,-12.98579856931232
3.8021413934426227,1.0256029121345591,1.9636922389250289,-12.98277426780642
3.8104794228142076,1.0233893304092874,3.2880278027776413,-12.885893614233208
3.818817452185792,1.0157457651955468,4.8352029494195214,-12.690757605135516
3.827155481557377,1.0058610215892259,6.602902479725769,-12.393472979242505
3.8354935109289614,0.9971135575245569,8.585155810105622,-11.990782825231854
3.8438315403005463,0.9928412396925381,10.772093743529272,-11.480200357584797
3.8521695696721308,0.9960877996040836,13.149808860368058,-10.860143098358247
3.8605075990437157,1.0093529966530213,15.70035635356984,-10.130063760582852
3.8688456284153006,1.0343780631922925,18.401923485815473,-9.290573031127753
3.877183657786885,1.0719973791470636,21.22918021017442,-8.343548312094798
3.88552168715847,1.1220802692803034,24.15380266323883,-7.292221472560304
3.8938597165300544,1.183573878689998,27.145138901809624,-6.141238007333501
3.9021977459016393,1.2546417966021437,30.17096722201208,-4.89667994032287
3.9105357752732237,1.3328773532545029,33.19828617278833,-3.5660455727994163
3.9188738046448086,1.4155592306181006,36.194074593493134,-2.158180913210346
3.927211834016393,1.499912745005517,39.125969490162404,-0.683160353914604
3.935549863387978,1.583343209962706,41.96282643585024,0.8478822798598251
3.943887892759563,1.6636164105094764,44.67514698473296,2.422967147698016
3.9522259221311473,1.7389724635834511,47.23537589747276,4.02951712149053
3.960563951502732,1.808170230185567,49.618084713548704,5.654629302953331
3.9689019808743167,1.8704678828860182,51.80006624618705,7.285354629856858
3.9772400102459016,1.9255503504406022,53.76036751766491,8.908970248625986
3.985578039617486,1.9734163832378897,55.48028810368171,10.513230386809772
3.993916068989071,2.014237816030885,56.94336860424825,12.086584014876848
4.002254098360655,2.048202399477475,58.135391359222474,13.618351215753133
4.01059212773224,2.075350399357845,59.0444132037995,15.09885430647288
4.018930157103825,2.0954148237881043,59.66084789491128,16.519503781977928
4.02726818647541,2.10767607536917,59.97761312919655,17.872842574167272
4.035606215846994,2.1108440511572866,59.99035275146372,19.152554608699592
4.043944245218579,2.1029837313556357,59.69773764464644,20.353445062823976
4.052282274590164,2.0815030043827107,59.10183791225807,21.47140012005631
4.060620303961748,2.043222138620621,58.20854391062341,22.50333354813032
4.068958333333333,1.9845407675016702,57.02799515894953,23.44712632893306
4.077296362704918,1.901708508339624,55.57495650182262,24.301564092065032
4.085634392076503,1.7911886041972593,53.86906445867195,25.066275474932176
4.093972421448087,1.6500819484195262,51.93485948211617,25.74167293872518
4.1023104508196715,1.4765564668286544,49.80152817494435,26.328896151661812
4.110648480191257,1.270211699845433,47.50230749098625,26.829756905650218
4.118986509562841,1.0323082956432472,45.07354954281509,27.24668372104612
4.127324538934426,0.7658110565492251,42.55350288460766,27.582663848039196
4.135662568306011,0.47522938570301676,39.98092009225223,27.841180299407423
4.1440005976775955,0.16628066724996415,37.3936365729198,28.02614183228568
4.15233862704918,-0.1545628189023347,34.82727082650481,28.141804398025492
4.1606766564207645,-0.48056500701670757,32.31417030263222,28.19268343811083
4.16901468579235,-0.805179721861137,29.882678117537317,28.183457437570386
4.177352715163934,-1.122411137338915,27.55673901182388,28.118864254658675
4.185690744535519,-1.42705276736514,25.355812910426643,28.00359281576972
4.194028773907104,-1.7148030520140196,23.295031119531988,27.8421736871305
4.2023668032786885,-1.9822746825364135,21.38551641076299,27.638872712429915
4.210704832650273,-2.2269247177441116,19.634791059358534,27.397592265933376
4.219042862021857,-2.4469345120394053,18.04721039379966,27.121784675679624
4.227380891393443,-2.6410652453357812,16.624377401946052,26.814382021009784
4.235718920765027,-2.8085092391738584,15.365511695289102,26.477745839157453
4.244056950136612,-2.948751366667807,14.267760922829527,26.113639352318344
4.252394979508196,-3.0614499007436393,13.32645355795029,25.723223733443955
4.2607330088797815,-3.1463425037882757,12.535299027626824,25.307078756578502
4.269071038251366,-3.2031806394945903,11.886545164484248,24.86524701235394
4.27740906762295,-3.231694118259412,11.371104833575272,24.397299785443252
4.285747096994536,-3.2315863240570337,10.978664098021612,23.902421745423233
4.29408512636612,-3.202559505318362,10.697783992316678,23.37951083409182
4.302423155737705,-3.144368053157436,10.51600717234289,22.82728916175898
4.310761185109289,-3.056895812354213,10.4199794999209,22.24442035856808
4.319099214480874,-2.9402512442555206,10.39559494904161,21.629628659500458
4.327437243852459,-2.794871951004197,10.428169987209184,20.981815020949
4.335775273224043,-2.6216280943000925,10.502650717575781,20.300165756273238
4.344113302595628,-2.421913080078369,10.603852604909909,19.58424952014164
4.352451331967213,-2.1977099532206665,10.716728750079243,18.834098950130038
4.360789361338798,-1.9516234823790768,10.826658789289187,18.050273873960542
4.369127390710382,-1.6868708563636687,10.91974706210018,17.23390369794701
4.377465420081967,-1.4072278953284894,10.98311623022247,16.38670739190103
4.385803449453552,-1.116932100078131,11.005181460424451,15.510990359722182
4.394141478825136,-0.8205480258838236,10.975890831725982,14.60961840845976
4.402479508196721,-0.5228037560486598,10.886919743491259,13.685969968236627
4.410817537568306,-0.22840926799322858,10.73181047229557,12.743868627837413
4.4191555669398905,0.05813187731371272,10.506052134375539,11.787498884636205
4.427493596311475,0.33270667027393586,10.207100551001055,10.821308707620787
4.43583162568306,0.5917632071197829,9.83434131743225,9.849903025974857
4.444169655054645,0.8324601602243291,9.389002315426383,8.877932540862737
4.452507684426229,1.0527896396621657,8.87402375980577,7.909982290489672
4.460845713797814,1.2516697132191865,8.293894617442517,6.950464177190535
4.469183743169399,1.4290043264141872,7.654464044300524,6.003517214272687
4.4775217725409835,1.5857095112790063,6.962735629469954,5.0729186162847855
4.485859801912568,1.7237056643486568,6.22665103500385,4.162008102338831
4.494197831284152,1.8458764169888582,5.454868377325582,3.273626978640561
4.502535860655738,1.955995314894011,4.656539642510717,2.4100727819949346
4.510873890027322,2.0586222343866467,3.8410907011564137,1.5730695588141717
4.519211919398907,2.1589722121498482,3.018007124906379,0.7637532659323981
4.527549948770492,2.2627601328685216,2.1966289533149848,-0.017328666499115103
4.5358879781420764,2.3760254620336383,1.385957701341455,-0.7702048684359155
4.544226007513661,2.504941881474707,0.5944790901440669,-1.4954560792025093
4.552564036885245,2.6556172511449176,-0.1699949120165751,-2.19418117604669
4.560902066256831,2.833889776109089,-0.9004612417646023,-2.8679545984884163
4.569240095628415,3.045126619100671,-1.5908349273167453,-3.518776475128675
4.577578125,3.2940314889762305,-2.236029739722747,-4.149016613291236
4.585916154371584,3.584467956741122,-2.8320085283811007,-4.761353351681587
4.594254183743169,3.9193053609063924,-3.37580237406406,-5.358708119575455
4.602592213114754,4.300294060428513,-3.865498639908197,-5.944176404834614
4.610930242486338,4.727976322076245,-4.30019889905415,-6.520955714344756
4.619268271857924,5.201638118119973,-4.679948504897754,-7.092271017773795
4.627606301229508,5.719305427851452,-5.005640212084955,-7.661298100621778
4.635944330601093,6.277786255114918,-5.278894747458457,-8.231085217278421
4.644282359972677,6.872756620339828,-5.501921587621435,-8.804473432870337
4.652620389344262,7.498885552108348,-5.67736345684301,-9.384016080471797
4.660958418715847,8.149991009779981,-5.808128256125789,-9.971897847130096
4.669296448087431,8.819216176486236,-5.897212311255728,-10.569854149654603
4.677634477459016,9.499214065061395,-5.9475190176162,-11.179091680979987
4.685972506830601,10.182328107517122,-5.961677184107786,-11.80021130890139
4.6943105362021855,10.860757361990622,-5.94186364449177,-12.43313489247177
4.70264856557377,11.526696967809059,-5.889635001289407,-13.077038036219236
4.710986594945355,12.17244715702924,-5.805773665041277,-13.730291299739891
4.71932462431694,12.79048708035117,-5.690153599946977,-14.39041286970262
4.727662653688524,13.373512555419865,-5.5416313160724755,-15.054036109801416
4.736000683060109,13.914439332782408,-5.357967574151922,-15.716895639749842
4.744338712431694,14.40637547582871,-5.13578490201806,-16.373835556079992
4.7526767418032785,14.842567979047729,-4.870565282025232,-17.01884300175779
4.761014771174863,15.216329924938847,-4.5566912054564,-17.6451094537951
4.769352800546448,15.52095549351661,-4.1875317008886705,-18.24512081514099
4.777690829918033,15.749631208333199,-3.755572992103608,-18.810775726399562
4.786028859289617,15.895353142760541,-3.252591261822861,-19.33352958964183
4.794366888661202,15.950861596323819,-2.6698627866838756,-19.804559825906573
4.802704918032787,15.908607086197918,-1.9984046984683503,-20.214946118710863
4.811042947404371,15.760764361165883,-1.2292380443248048,-20.55585807920441
4.819380976775956,15.499314306813488,-0.3536638425812896,-20.818742110180857
4.82771900614754,15.11621652316542,0.6364574498562747,-20.995499363249767
4.836057035519126,14.603697003546841,1.748432247729931,-21.078647578557728
4.84439506489071,13.9546740983766,2.9884741699361044,-21.06146115483554
4.852733094262295,13.163339513409923,4.361465346519081,-20.93808580952028
4.86107112363388,12.225896696581032,5.870744242974343,-20.703626389744052
4.869409153005464,11.141434042202874,7.517924225787523,-20.354208513217607
4.877747182377049,9.912873917116826,9.302746004109371,-19.88701651713018
4.886085211748633,8.547893344300306,11.222966269340647,-19.30031150203088
4.894423241120219,7.059667002781296,13.274284269354988,-18.593433983236334
4.902761270491803,5.467253630452234,15.450307579376798,-17.766795787121897
4.911099299863388,3.7954527547716026,17.742557821326823,-16.82186539882236
4.919437329234972,2.0740161672617887,20.14051641301814,-15.761150072143266
4.927775358606557,0.3362091215767862,22.631709537890053,-14.588176772439526
4.936113387978142,-1.3831421396590002,25.201830445215073,-13.307472577713824
4.944451417349726,-3.0498503843009956,27.8348960390117,-11.924543662459408
4.952789446721312,-4.632478919882757,30.51343366901306,-10.445850590235104
4.961127476092896,-6.104046755065127,33.218693283113296,-8.878776504473251
4.9694655054644805,-7.443108784863355,35.930879769152874,-7.231584086128191
4.977803534836065,-8.634134814053496,38.62940043718608,-5.5133569736461885
4.98614156420765,-9.667247863350738,41.293123089014365,-3.7339218048292873
4.994479593579235,-10.537476112286896,43.90064081434069,-1.9037481637634461
5.002817622950819,-11.243710936507213,46.4305403283519,-0.03382543286767836
5.011155652322405,-11.787554148005228,48.86167113944616,1.864482304580311
5.019493681693989,-12.172199961010364,51.173413011284055,3.7795998474209256
5.0278317110655735,-12.40145086974276,53.34593907748525,5.6999173034401664
5.036169740437158,-12.478925252773678,55.360471697001344,7.613972005043982
5.044507769808743,-12.407484789433582,57.19952787096827,9.510627581365982
5.052845799180328,-12.188892820214008,58.84715093030328,11.379241777435139
5.061183828551912,-11.823708382093685,60.28912532744009,13.209815456482726
5.069521857923497,-11.311420911685701,61.51317170290741,14.993116863942104
5.077859887295082,-10.65083285310267,62.50911983076835,16.720777425719287
5.086197916666666,-9.84069642517727,63.26905740617715,18.385357784650967
5.094535946038251,-8.880600971845709,63.78745276224296,19.98038512569961
5.102873975409836,-7.772083156584557,64.06124940227389,21.500364827695474
5.111212004781421,-6.519890037503188,64.08992973435153,22.940770917492117
5.119550034153005,-5.13326585658416,63.87554475659966,24.29802060102602
5.12788806352459,-3.6270671100722183,63.42270593162709,25.569438308105138
5.136226092896175,-2.022458734952707,62.738535428326315,26.753214289659873
5.144564122267759,-0.3469380754438163,61.83257158951521,27.848361969460612
5.152902151639344,1.3664979935519028,60.71662807478975,28.854677118955042
5.161240181010928,3.081075255115735,59.40460760163384,29.772700636189256
5.169578210382514,4.758679895170388,57.91227430225411,30.60368539772712
5.177916239754098,6.362644481367255,56.2569919561349,31.349566427868876
5.1862542691256825,7.86041099593497,54.45743815517604,32.01293258463187
5.194592298497268,9.225631296755182,52.533306233581506,32.59699717049158
5.202930327868852,10.439419069456221,50.50500714190124,33.10556439320703
5.211268357240437,11.490678847202133,48.39338224338603,33.54298846446198
5.219606386612021,12.375628935999842,46.219435468611024,33.91412234581259
5.227944415983607,13.096752863926923,44.00408986776668,34.2242537206945
5.236282445355191,13.66144608700634,41.76796999115438,34.4790266463277
5.2446204747267755,14.080591279319236,39.53120834758649,34.68434844777215
5.25295850409836,14.367229201309826,37.31327193426926,34.846282658533525
5.261296533469945,14.535421327375602,35.13280376447033,34.97093007056639
5.26963456284153,14.599342159722994,33.0074744513795,35.0643011099789
5.277972592213114,14.572599506783305,30.953840034177073,35.13218369430736
5.2863106215846996,14.467758859006167,28.987204013771105,35.18001137141545
5.294648650956284,14.296039067714403,27.12148360913515,35.21273684516032
5.3029866803278685,14.06714604056684,25.369082185219437,35.23471595595066
5.311324709699453,13.789215142381082,23.740771353661145,35.24960683795462
5.319662739071038,13.46883865551493,22.245587226356353,35.26028837634494
5.328000768442623,13.111160316014534,20.890745634669226,35.26880130562725
5.336338797814207,12.720023711636813,19.68158083182535,35.27631438968151
5.3446768271857925,12.298164834665215,18.621511361473637,35.28311716052299
5.353014856557377,11.847441241740995,17.712035536162315,35.28863970613081
5.361352885928961,11.369091128195834,16.95275748445631,35.29149901495585
5.369690915300546,10.864015258268836,16.341443160775608,35.28957042524161
5.378028944672131,10.333073200821858,15.874104229013295,35.28008181044686
5.386366974043716,9.777382839154555,15.545106477168332,35.25972728429364
5.3947050034153,9.19860889915364,15.34729852146219,35.224796467182195
5.403043032786885,8.599222715813895,15.27215610950105,35.171314765175865
5.41138106215847,7.982712347442117,15.30993738513088,35.09518971947818
5.419719091530054,7.35372044007255,15.449845029395561,34.99235832417087
5.428057120901639,6.7180880994793455,15.68019217300443,34.85893029808075
5.436395150273224,6.082787509756287,15.988570246189889,34.691322620713414
5.444733179644809,5.455734729212921,16.36201828870256,34.486381162424784
5.453071209016393,4.8454866813855375,16.787194440693877,34.24148589493221
5.4614092383879775,4.26084136009041,17.250551122626916,33.95463689114227
5.469747267759563,3.7103751081038325,17.738515577472555,33.624519050563585
5.478085297131147,3.2019623559756383,18.237676869335797,33.25054417476533
5.486423326502732,2.7423285564650968,18.734979118519718,32.832869649525655
5.494761355874316,2.3366845747750773,19.21791886471479,32.37239357644093
5.503099385245902,1.988480673711706,19.674742289034793,31.870726766534254
5.511437414617486,1.6993024764555855,20.094635987674142,31.330142598523775
5.5197754439890705,1.4689131297898825,20.46790348830329,30.753506383489317
5.528113473360656,1.2954288116820294,20.78611907553443,30.144186572595775
5.53645150273224,1.1756015273576708,21.0422509310861,29.50595087194
5.544789532103825,1.1051753459711762,21.23074708390008,28.842851034055517
5.553127561475409,1.0792799991727406,21.34757999142894,28.15910070125643
5.5614655908469945,1.092828162920668,21.39024837125344,27.45895109521452
5.569803620218579,1.14088825077188,21.35773774206703,26.74656950318731
5.5781416495901635,1.2190115314281655,21.25044361414653,26.02592535510135
5.586479678961749,1.3234994672918248,21.07006309970276,25.300688208535057
5.594817708333333,1.451603407329614,20.819461754697013,24.57414119634638
5.603155737704918,1.601653668421065,20.502522735287656,23.84911251932956
5.611493767076502,1.7731185027684404,20.12398499970823,23.127926485095614
5.6198317964480875,1.9665956438185503,19.689276528789584,22.412374514197392
5.628169825819672,2.1837403725437383,19.204347608901386,21.703705556061042
5.636507855191256,2.4271347332436477,18.67550831851037,21.002634557932716
5.644845884562841,2.700103033712651,18.10927361636764,20.30936705564745
5.653183913934426,3.0064794290824466,17.512218901018915,19.623637618238487
5.661521943306011,3.350334490437291,16.890848583501896,18.94475976254378
5.669859972677595,3.7356693949666777,16.251480023156596,18.271685020402817
5.6781980020491805,4.166088828388894,15.600145030739323,17.60306903787943
5.686536031420765,4.644466789114588,14.942510953280646,16.937342856432828
5.694874060792349,5.1726229389444995,14.283823049872375,16.272787815380966
5.703212090163934,5.7510304068364775,13.62886940559059,15.607612775879037
5.711550119535519,6.378578204898929,12.9819690043811,14.940032562048183
5.719888148907104,7.0524116617392565,12.346982813238307,14.26834662033219
5.728226178278688,7.767871539006947,11.727346863637734,13.591016902252978
5.7365642076502725,8.518546123782315,11.126125408617773,12.906743880253797
5.744902237021858,9.296440614102522,10.546081345613276,12.21453942574224
5.753240266393442,10.092255505463598,9.989760284150002,11.513795039126421
5.761578295765027,10.895752352877778,9.459583955847569,10.804343660427726
5.769916325136612,11.696173737064285,8.957948156531838,10.086513051066966
5.778254354508197,12.482676969643165,8.48732011361083,9.36116857267618
5.786592383879781,13.244739702342457,8.050330114992168,8.629743147497694
5.7949304132513655,13.972500484275557,7.6498524377052215,7.894252311531125
5.803268442622951,14.657007300390589,7.289071081227531,7.157292597881575
5.811606471994535,15.29035999336817,6.971526531620483,6.422022026002953
5.81994450136612,15.865745600510323,6.701140726479763,5.692122209769184
5.828282530737704,16.37737675513972,6.482218502870247,4.971742492397041
5.8366205601092895,16.8203509973511,6.319425014305854,4.265427500929045
5.844958589480874,17.190452718890654,6.217739805386817,3.578030497818186
5.853296618852458,17.48392000015113,6.182389334244924,2.914615792036162
5.861634648224044,17.697196780290056,6.218760640396212,2.280354160069084
5.869972677595628,17.826687803350154,6.332299496646908,1.6804156389327254
5.878310706967213,17.868530674055833,6.52839671896016,1.119864140042197
5.886648736338797,17.818396957836967,6.812266338582982,0.6035580837158987
5.8949867657103825,17.67133309764209,7.188819108142731,0.13606069818796168
5.903324795081967,17.421652243865978,7.662534394322676,-0.2784371725426903
5.911662824453551,17.06288990153635,8.23733300282649,-0.6361798640619942
5.920000853825137,16.587839339436456,8.916452991694747,-0.9338944184470337
5.928338883196721,15.988686424831215,9.702330151333774,-1.1688229540987845
5.936676912568306,15.257266971132267,10.596484633343493,-1.338740860968005
5.94501494193989,14.385471257502644,11.599415228570306,-1.4419625058685797
5.9533529713114755,13.365817811729642,12.710503018473604,-1.4773366330193534
5.96169100068306,12.19220882814514,13.927926500487274,-1.444233933111587
5.970029030054644,10.860859378535935,15.248590727263744,-1.3425293375629623
5.978367059426229,9.371359288558224,16.668073384350645,-1.172581493028851
5.986705088797814,7.727780406751577,18.180590933737548,-0.9352116113056346
5.995043118169399,5.939688734904294,19.778987855782656,-0.6316835005201941
6.003381147540983,4.022874132104434,21.45475154795511,-0.26368609381944735
6.011719176912568,1.9995911492245,23.19805456080966,0.16668077039262053
6.020057206284153,-0.10186417456434071,24.997824616412743,0.6569171694406404
6.028395235655737,-2.2483221681583814,26.841841383366216,1.2041309934286624
6.036733265027322,-4.403585198307084,28.71685745854795,1.805043997748113
6.045071294398907,-6.530722837772402,30.608739644141455,2.455997640116771
6.053409323770492,-8.59446883032517,32.50262561654198,3.152960784237787
6.061747353142076,-10.563342101939796,34.38309061648319,3.891541664174657
6.0700853825136605,-12.411185917704017,36.23431891560801,4.667006631543092
6.078423411885246,-14.117963621489082,38.040275499214545,5.474308115621408
6.08676144125683,-15.669811583300017,39.78487451872525,6.308123892183246
6.095099470628415,-17.058478526540725,41.452142416829275,7.162909178341377
6.1034375,-18.280348048945825,43.026374999450866,8.032962271563305
6.1117755293715845,-19.33524865226009,44.49228893367074,8.912503482416616
6.120113558743169,-20.225221848385672,45.83516906215488,9.795766048787462
6.128451588114753,-20.95336739418657,47.04101349161598,10.677096658377991
6.136789617486339,-21.522834068578334,48.09667865491176,11.551062246722953
6.145127646857923,-21.93598520938555,48.99002652973935,12.41255897305926
6.153465676229508,-22.193744059286743,49.71007600021172,13.25691877914972
6.161803705601093,-22.295114156472437,50.247160027025515,14.08000874959334
6.1701417349726775,-22.23687208887415,50.59308985326334,14.878318624903502
6.178479764344262,-22.013441151589717,50.74132685736058,15.649032247028586
6.186817793715846,-21.61697217705077,50.68716175190717,16.39007939258498
6.195155823087432,-21.037679106794343,50.42789945606351,17.10016530954695
6.203493852459016,-20.26449734790083,49.96304598027942,17.778776253479315
6.211831881830601,-19.286145120421068,49.29449095406145,18.426160360481788
6.220169911202185,-18.09265966942671,48.42667603334966,19.043284246737713
6.22850794057377,-16.677434249382515,47.36673558836091,19.631766749356434
6.236845969945355,-15.0396797697679,46.12459231640283,20.193792186183565
6.245183999316939,-13.187068152772198,44.71298756097288,20.732006380279177
6.253522028688525,-11.138103039362548,43.14742518430917,21.249399431748937
6.261860058060109,-8.923577148108407,41.446009901731394,21.74917978592595
6.270198087431694,-6.586433378832595,39.629166826970156,22.234644502429656
6.278536116803278,-4.179568978073505,37.719238728020024,22.709050739920215
6.286874146174863,-1.7616335195475301,35.73997032361852,23.175493315114558
6.295212175546448,0.6084812402639841,33.71590300113527,23.636792770455703
6.303550204918032,2.877276244771636,31.67171600087806,24.09539771531917
6.311888234289617,5.001162392627151,29.63155866981529,24.553304337515
6.320226263661202,6.949021657754244,27.618420806422062,25.01199498195714
6.328564293032787,8.702619583470877,25.653583713972417,25.47239664136491
6.336902322404371,10.255252310486512,23.756184259367114,25.934859182839254
6.345240351775956,11.609313679607766,21.942910207933252,26.39915222113796
6.353578381147541,12.773479936250354,20.227830189945916,26.864478807146575
6.361916410519125,13.760038621595257,18.622348473242887,27.32950357091903
6.37025443989071,14.582663440056024,17.135265075169674,27.792392662150647
6.378592469262295,15.254744734077647,15.772916382072893,28.25086276329579
6.3869304986338795,15.788258588922318,14.539370120504488,28.702236587292095
6.395268528005464,16.193093520541865,13.43665036032616,29.14350257212617
6.403606557377049,16.476734441685267,12.464972082847261,29.571376896497426
6.411944586748634,16.644210391061762,11.622969625703076,29.98236640794362
6.420282616120218,16.698231172378954,10.90790816861251,30.372831521416334
6.428620645491803,16.63945972698201,10.315871802407047,30.739048563403227
6.436958674863388,16.466886958258968,9.841925360218532,31.0772713661893
6.4452967042349725,16.178291504086033,9.48025002885111,31.383792134531035
6.453634733606557,15.770777468973122,9.22425487634975,31.6550017038241
6.461972762978141,15.241387620046453,9.066667964571069,31.887449290177898
6.470310792349727,14.587787305691137,8.999611803498667,32.077901716164995
6.478648821721311,13.809004793496882,9.014668654552874,32.22340190727222
6.486986851092896,12.90619690742703,9.102941657339255,32.321326223232475
6.495324880464481,11.883386327944208,9.255117933519733,32.36943994532497
6.503662909836065,10.748092703430544,9.46153965788371,32.365950011779525
6.51200093920765,9.511760770822562,9.712288496203985,32.30955389929607
6.520338968579234,8.189884225052339,9.997287710575455,32.19948340367119
6.52867699795082,6.801743007713853,10.306424584318535,32.03554198505802
6.537015027322404,5.3697182449515,10.62969365516818,31.818134317620476
6.545353056693989,3.9182184199836882,10.957358703481658,31.548286721039762
6.553691086065573,2.4723270200510115,11.280128762529824,31.22765725355124
6.562029115437158,1.0563434063918464,11.58934092254484,30.85853441419541
6.570367144808743,-0.30758569439481676,11.877140741403014,30.443823637017076
6.578705174180327,-1.60056634248933,12.136649967374776,29.98702106200752
6.587043203551913,-2.807669899603951,12.36211123180757,29.492174433228143
6.595381232923497,-3.9182165187222324,12.549000434223386,28.96383139466108
6.6037192622950815,-4.925662361864838,12.694099598646805,28.406975912312234
6.612057291666666,-5.827176029307978,12.795525757010854,27.826954022270915
6.620395321038251,-6.623013862228689,12.852714546113077,27.229390557112655
6.628733350409836,-7.31580216885088,12.866360296820455,26.62009890136849
6.63707137978142,-7.909815542895757,12.838317100261289,26.00498613513545
6.645409409153005,-8.410313935690084,12.77146740323406,25.38995611299923
6.65374743852459,-8.822974661398248,12.669565981924544,24.78081307323854
6.6620854678961745,-9.153433589551256,12.537067655871525,24.183168273535593
6.670423497267759,-9.406934120677121,12.378946916559437,23.602351913198145
6.678761526639344,-9.588072960692202,12.200516905067264,23.043332251693894
6.687099556010929,-9.700627067099873,12.007254058945167,22.510643403954813
6.695437585382513,-9.747445036544903,11.804633438517001,22.008322825990973
6.703775614754098,-9.730387379724391,11.597978394874897,21.539859042832248
6.712113644125683,-9.650302632105223,11.392326980438384,21.108149754022357
6.7204516734972675,-9.507029454118396,11.192316414542674,20.71547011138168
6.728789702868852,-9.299418447761795,11.002086050400813,20.363450720614896
6.737127732240437,-9.025371247270954,10.8251986624692,20.053064781892303
6.745465761612022,-8.681898577882123,10.66457947467273,19.78462375247448
6.753803790983606,-8.265203562669882,10.522472150249374,19.557780974039037
6.762141820355191,-7.7708017633542,10.400410920105754,19.37154283744016
6.770479849726776,-7.1936953688215795,10.29920808828338,19.2242872310188
6.77881787909836,-6.528625480489808,10.218956268271599,19.11378920480951
6.787155908469945,-5.7704330212406205,10.15904482290992,19.03725395097328
6.795493937841529,-4.914564050323847,10.11819006039391,18.991357321549085
6.803831967213115,-3.9577565881230328,10.094478746009141,18.972294153886693
6.812169996584699,-2.898939146535426,10.085424402402538,18.97583463468641
6.820508025956284,-1.7403499484451714,10.088035682974713,18.99738879720955
6.828846055327869,-0.48884333128476953,10.09889582019259,19.03207901499844
6.837184084699453,0.8427190309107999,10.114251793752993,19.074820042085246
6.845522114071038,2.234187520051151,10.130111464634254,19.120405776845146
6.853860143442622,3.6572505613142567,10.142346520344695,19.163601525011682
6.862198172814208,5.075334541043517,10.146798717816036,19.19924014237807
6.870536202185792,6.444634578420931,10.139386635286227,19.222320085579728
6.8788742315573765,7.716493168432024,10.11620998792111,19.22810312269378
6.887212260928961,8.84106652246112,10.0736485469984,19.212209279237328
6.895550290300546,9.771865230863071,10.00845283796354,19.170706534164808
6.903888319672131,10.47044992728408,9.917824072218751,19.10019283784028
6.912226349043715,10.910434125782373,9.799481171167844,18.997868192103294
6.920564378415301,11.080059381259048,9.651713238512876,18.86159479529701
6.928902407786885,10.982923460087662,9.47341639176734,18.68994359094569
6.9372404371584695,10.636844912820763,9.264114438571717,18.482225944133866
6.945578466530054,10.071209311364598,9.023963442285156,18.23850958210376
6.953916495901639,9.323375294822043,8.75374073432056,17.959618355818204
6.962254525273224,8.43479096739928,8.454819374383979,17.647115791937928
6.970592554644808,7.447398991407894,8.12912941781101,17.30327279837249
6.9789305840163935,6.400738150119949,7.7791076118311295,16.93102025274147
6.987268613387978,5.329939725884046,7.40763730599931,16.533887534967327
6.9956066427595625,4.264624577390549,7.017980427661652,16.11592835691815
7.003944672131147,3.2285690304466357,6.613703347536176,15.681635488055228
7.012282701502732,2.239937599677077,6.198598354360781,15.235846171493822
7.020620730874317,1.311869709240753,5.7766022867239775,14.783640165965004
7.028958760245901,0.45323594822014,5.351713654413383,14.33023243407494
7.037296789617486,-0.3305744297238533,4.92790934391768,13.880862527039465
7.045634818989071,-1.0369253915926464,4.50906176790099,13.440682695168626
7.053972848360655,-1.6653161518666195,4.09885711093752,13.014646689628922
7.06231087773224,-2.216895332177913,3.7007151649106933,12.60740112503552
7.070648907103825,-2.69411115482049,3.3177111529503955,12.223181156435263
7.07898693647541,-3.100492012338364,2.9524999185536895,11.865712100492242
7.087324965846994,-3.4405482382821333,2.607242905740922,11.538118509826877
7.095662995218579,-3.7197862896961738,2.2835384672615118,11.24284209903108
7.104001024590164,-3.9448292875992195,1.9823561943055061,10.981569824208329
7.112339053961748,-4.123641970054592,1.703976141331672,10.755173333508278
7.120677083333333,-4.265863083662012,1.4479339998356724,10.56366092791425
7.129015112704917,-4.383253913815821,1.21297343229835,10.406143089519224
7.137353142076503,-4.490278128398515,0.9970068927408683,10.28081253634628
7.145691171448087,-4.604835666608892,0.7970863194085552,10.184939635749757
7.1540292008196715,-4.749182438938348,0.6093850814276087,10.114883841885604
7.162367230191257,-4.951078468358347,0.4291924963475733,10.066121610356106
7.170705259562841,-5.245219706818858,0.25092211952816074,10.033290985090343
7.179043288934426,-5.675021556135647,0.06813485816416756,10.010252756885853
7.18738131830601,-6.294829656535185,-0.12642219116250458,9.990167776161634
7.195719347677596,-7.172620843041983,-0.34076041001456,9.965589687959636
7.20405737704918,-8.393187749928614,-0.5835771259444558,9.928572073349121
7.2123954064207645,-10.06159150135423,-0.8641651496072984,9.870788756966249
7.220733435792349,-12.30614477375066,-1.1923035077320119,9.783665899505527
7.229071465163934,-15.27903065304156,-1.578128233344437,9.658524449829104
7.237409494535519,-19.150414628201133,-2.0319817047869817,9.48673158055946
7.245747523907103,-24.088409620970253,-2.5642386021814465,9.259859848739978
7.2540855532786885,-30.21437951299079,-3.1851061665359484,8.969852960531652
7.262423582650273,-37.52831491250595,-3.9043962410867032,8.609197103633702
7.2707616120218574,-45.82543857953857,-4.731266731514889,8.171096751887243
7.279099641393442,-54.6690314228226,-5.673930865947172,7.6496535424261465
7.287437670765027,-63.48684514941908,-6.739334213631198,7.040046181065021
7.295775700136612,-71.76039271709058,-7.932802067598015,6.3387082766381075
7.304113729508196,-79.17434337237108,-9.257663680267536,5.543499522243061
7.3124517588797815,-85.63922041997958,-10.714864987773984,4.653863795077467
7.320789788251366,-88.77705618142949,-12.302587656729514,3.670965710348805
7.32912781762295,-83.93236638258381,-14.015898988514504,2.597795238018058
7.337465846994535,-79.66806815078769,-15.846463469623236,1.4392285924751038
7.34580387636612,-75.83808312883298,-17.782351216644933,0.20203322924220454
7.354141905737705,-72.31934634562603,-19.807979632880144,-1.105194087377599
7.362479935109289,-69.01287965103552,-21.90422072942576,-2.472164201612527
7.370817964480874,-65.84105388159853,-24.048696747200523,-3.8871106306618564
7.379155993852459,-62.74377060289004,-26.21627096953832,-5.337079463610362
7.387494023224043,-59.67472402331049,-28.379720391751086,-6.808283487058256
7.395832052595628,-56.59816799297394,-30.510555141711933,-8.286502913423197
7.404170081967213,-53.48631460004427,-32.57993016125223,-9.757509571533864
7.412508111338798,-50.317393135196966,-34.559581672838,-11.207488451710633
7.420846140710382,-47.0743795502363,-36.4227173103216,-12.623430674837863
7.4291841700819665,-43.74440767702848,-38.14479542944651,-13.993475251433297
7.437522199453552,-40.3188645986931,-39.704144653758696,-15.30718277347328
7.445860228825136,-36.79413671369501,-41.082395877820694,-16.555731367200966
7.454198258196721,-33.172899863190565,-42.26472156392377,-17.732032610424266
7.462536287568305,-29.46573432335265,-43.23989731109586,-18.830771605864413
7.470874316939891,-25.692707579991577,-44.00021558428996,-19.848380272956035
7.479212346311475,-21.884444550200485,-44.541289954350525,-20.782955869106907
7.4875503756830595,-18.08216319716169,-44.86179043111427,-21.63413785642191
7.495888405054645,-14.336265914815698,-44.96314766362793,-22.40295583619138
7.504226434426229,-10.703374641545935,-44.849257550501925,-23.091659851713082
7.512564463797814,-7.242120061322112,-44.52620973634145,-23.703542385113355
7.520902493169398,-4.008386896102465,-44.00205484576596,-24.242759243949685
7.5292405225409835,-1.0508998364932864,-43.28661700320879,-24.71415453284786
7.537578551912568,1.5920809481081761,-42.391350725955526,-25.123093202121737
7.545916581284152,3.894537359614361,-41.32923493991104,-25.47530332917321
7.554254610655738,5.8429447365113845,-40.11469182267948,-25.77672931881521
7.562592640027322,7.435315757113486,-38.763514592670866,-26.03339656167936
7.570930669398907,8.679494498964772,-37.292786450533995,-26.251287701304594
7.579268698770491,9.591136303614661,-35.72077288999121,-26.436230461957084
7.5876067281420765,10.191696105613019,-34.06677173634556,-26.593796918392876
7.595944757513661,10.506614253108609,-32.35090958420535,-26.729214094676625
7.604282786885245,10.563778608069086,-30.593879538181834,-26.84728582396975
7.61262081625683,10.392270439162573,-28.816622681737083,-26.952325859641615
7.620958845628415,10.021366290205904,-27.039963521306042,-27.048102285533577
7.629296875,9.479757832706696,-25.284216571495485,-27.13779332313251
7.637634904371584,8.794955261550328,-23.56878609418044,-27.22395467430561
7.645972933743169,7.992848248652479,-21.911782934620604,-27.308498571005526
7.654310963114754,7.0974063770055835,-20.329681117095383,-27.392684728813254
7.662648992486338,6.130505806745873,-18.837032709691815,-27.477123418190224
7.670987021857923,5.111870218440089,-17.446253318060776,-27.561790871266446
7.679325051229508,4.059112582288321,-16.167483594029758,-27.64605722407097
7.687663080601093,2.987861244917738,-15.00852552202783,-27.72872714117685
7.696001109972677,1.9119504246795884,-13.974846897444541,-27.8080931651735
7.7043391393442615,0.8436524023046275,-13.0696438617829,-27.882001658899554
7.712677168715847,-0.20607291568948938,-12.293949718571763,-27.947930946776918
7.721015198087431,-1.2273354813573292,-11.646778294208662,-28.003080900265278
7.729353227459016,-2.2111025006368408,-11.125291396602739,-28.04447274735741
7.737691256830601,-3.149035336341612,-10.724981955970042,-28.069057325494228
7.746029286202186,-4.033390557956793,-10.43986672939641,-28.073829365160158
7.75436731557377,-4.856993270244416,-10.262684625434325,-28.055944728679933
7.7627053449453545,-5.6132831518640955,-10.185098479858446,-28.012836892841445
7.77104337431694,-6.296425385015397,-10.19789932085138,-27.942328425583828
7.779381403688524,-6.90147078937062,-10.291212729968066,-27.842732843867935
7.787719433060109,-7.424543094318295,-10.454706845884878,-27.712942128077763
7.796057462431693,-7.863027453010588,-10.677800955530564,-27.5524953715742
7.8043954918032785,-8.215733764602987,-10.9498726205191,-27.361624602181426
7.812733521174863,-8.483011327706038,-11.26046009806124,-27.141274731002323
7.821071550546447,-8.66679735494219,-11.599455671206844,-26.893095827001044
7.829409579918033,-8.770589924238934,-11.957284644162076,-26.619407403514824
7.837747609289617,-8.79934468007491,-12.325064390896001,-26.32313601650495
7.846085638661202,-8.75930265722748,-12.694738101088397,-26.007729068126828
7.854423668032786,-8.657762880288246,-13.059178773340438,-25.677049128507253
7.8627616974043715,-8.50281725495374,-13.412260472246405,-25.335254191774595
7.871099726775956,-8.303066585545878,-13.748895703146331,-24.986669961886083
7.87943775614754,-8.067335639653791,-14.06503971314412,-24.63566046272758
7.887775785519126,-7.804402631529882,-14.357664335876438,-24.286502987111152
7.89611381489071,-7.5227550140136685,-14.624705439210961,-23.943272699150345
7.904451844262295,-7.230379711384572,-14.864988969510064,-23.609741187737537
7.912789873633879,-6.934592403162398,-15.078140971999208,-23.28929206599189
7.921127903005464,-6.6419075027564105,-15.264486855492999,-22.984855458723008
7.929465932377049,-6.3579482031407935,-15.424944680874093,-22.69886203921769
7.937803961748633,-6.08739437682253,-15.560916540065428,-22.433216261198503
7.946141991120218,-5.833965117079046,-15.674181309405505,-22.18928763814249
7.954480020491803,-5.600432145264136,-15.766791334394446,-21.96791836936773
7.962818049863388,-5.38866003482957,-15.840975013568332,-21.769445286975408
7.971156079234972,-5.19966909027805,-15.899046830118984,-21.593733962501044
7.979494108606557,-5.033716679884009,-15.943326117963002,-21.440222815577712
7.987832137978142,-4.890392806552001,-15.976065697515384,-21.307975153255093
7.996170167349726,-4.768725698765962,-15.999391409815072,-21.195737185957327
8.00450819672131,-4.667293225996417,-16.015253447330146,-21.102000172790106
8.012846226092895,-4.584336017003139,-16.025390168723405,-21.025064918010763
8.02118425546448,-4.517868315421012,-16.03130475858665,-20.963106861783217
8.029522284836066,-4.465782869794623,-16.03425464598646,-20.914239988643185
8.03786031420765,-4.425946539107443,-16.03525305165607,-20.876577738241163
8.046198343579235,-4.396283801264843,-16.035081442342367,-20.848289078015654
8.05453637295082,-4.374845970031188,-16.034311098634735,-20.827647925492432
8.062874402322404,-4.359864634657114,-16.033331521755734,-20.813074227555084
8.071212431693988,-4.349788608059683,-16.03238308127392,-20.803165247068943
8.079550461065573,-4.343304472119698,-16.031591188578723,-20.79671599267551
8.087888490437159,-4.3393416085067145,-16.030999394694394,-20.79272825703186
8.096226519808743,-4.3370633650539645,-16.030599151984323,-20.790408383754897
8.104564549180328,-4.33584669375675,-16.03035451683454,-20.789154624581975
8.112902578551912,-4.335253166364666,-16.030220751369413,-20.78853571696844
8.121240607923497,-4.334994681964247,-16.030156537236852,-20.788263032497365
8.129578637295081,-4.3348973767130445,-16.03013026353197,-20.788159227240012
8.137916666666666,-4.334867171504527,-16.03012150719661,-20.788126662375074
